x,y,z,q0,q1,q2,q3
-0.652493715286255,-0.277804255485535,1.02774918079376,-0.535109341144562,0.524708449840546,-0.510865747928619,-0.421135485172272
-0.651134192943573,-0.280177474021912,1.02924478054047,-0.538777709007263,0.522976398468018,-0.512459278106689,-0.416653096675873
-0.651134192943573,-0.280177474021912,1.02924478054047,-0.538777709007263,0.522976398468018,-0.512459278106689,-0.416653096675873
-0.647639870643616,-0.281473875045776,1.02990663051605,-0.542560875415802,0.51611715555191,-0.517737865447998,-0.413761347532272
-0.646398067474365,-0.282878398895264,1.03086888790131,-0.545244038105011,0.513383686542511,-0.520280599594116,-0.410431951284409
-0.646398067474365,-0.282878398895264,1.03086888790131,-0.545244038105011,0.513383686542511,-0.520280599594116,-0.410431951284409
-0.644858717918396,-0.284359306097031,1.03198611736298,-0.547175288200378,0.508480191230774,-0.526369392871857,-0.406180649995804
-0.644858717918396,-0.284359306097031,1.03198611736298,-0.547175288200378,0.508480191230774,-0.526369392871857,-0.406180649995804
-0.644088566303253,-0.284613698720932,1.03225994110107,-0.54745078086853,0.503573000431061,-0.533479154109955,-0.402631282806396
-0.64351361989975,-0.284745365381241,1.03273868560791,-0.547999799251556,0.500015735626221,-0.537591338157654,-0.400844156742096
-0.64292299747467,-0.28495717048645,1.03297781944275,-0.547658383846283,0.498280704021454,-0.540173709392548,-0.399998843669891
-0.642552077770233,-0.285103529691696,1.03315031528473,-0.548184752464294,0.495442003011703,-0.543498873710632,-0.398296058177948
-0.642346799373627,-0.285429865121841,1.03308820724487,-0.547674536705017,0.494104295969009,-0.54607367515564,-0.397136092185974
-0.64211243391037,-0.285453110933304,1.03314316272736,0.546825408935547,-0.492702603340149,0.548485219478607,0.396724611520767
-0.641976296901703,-0.285399228334427,1.03313505649567,0.545317351818085,-0.492578476667404,0.550300657749176,0.396440148353577
-0.641977548599243,-0.285502225160599,1.03305220603943,0.54549378156662,-0.48942020535469,0.553641319274902,0.395456284284592
-0.641902983188629,-0.285142779350281,1.03314602375031,0.542795240879059,-0.491512089967728,0.553293704986572,0.39705815911293
-0.642126321792603,-0.285219222307205,1.03288400173187,0.541121661663055,-0.492116153240204,0.554166495800018,0.397377222776413
-0.642290234565735,-0.285122215747833,1.03279268741608,0.539735615253448,-0.491575121879578,0.555761158466339,0.397704750299454
-0.642442107200623,-0.284951090812683,1.03261506557465,0.538007855415344,-0.492395311594009,0.556105554103851,0.398548632860184
-0.642918705940247,-0.285454332828522,1.03281688690186,0.536273539066315,-0.494524359703064,0.555788159370422,0.398692935705185
-0.643081307411194,-0.285256534814835,1.03258800506592,0.533598363399506,-0.497133761644363,0.554860770702362,0.400325328111649
-0.642541170120239,-0.283787369728088,1.03158009052277,0.531359553337097,-0.497237652540207,0.554685056209564,0.403405994176865
-0.643129646778107,-0.284152388572693,1.03164112567902,0.529647707939148,-0.499009072780609,0.554592192173004,0.403597563505173
-0.643258631229401,-0.283897191286087,1.03132891654968,0.528046607971191,-0.500549614429474,0.553999304771423,0.404600620269775
-0.64349627494812,-0.283684492111206,1.03100347518921,0.526376307010651,-0.502354443073273,0.55332350730896,0.405464082956314
-0.643676519393921,-0.283450424671173,1.03072452545166,0.524836301803589,-0.504011988639832,0.552734315395355,0.406206399202347
-0.64387059211731,-0.283163368701935,1.0303635597229,0.523292362689972,-0.505725979804993,0.55223023891449,0.406753242015839
-0.644040703773499,-0.282871574163437,1.03000545501709,0.52234274148941,-0.507051050662994,0.551835596561432,0.406859755516052
-0.644199907779694,-0.282488286495209,1.02964901924133,0.521637499332428,-0.507997274398804,0.551775276660919,0.406666159629822
-0.644331634044647,-0.282123386859894,1.02929544448853,0.52095639705658,-0.509083271026611,0.551554977893829,0.406479865312576
-0.64440655708313,-0.281682431697845,1.02907800674438,0.519981503486633,-0.510527372360229,0.551244497299194,0.406338274478912
-0.64440655708313,-0.281682431697845,1.02907800674438,0.519981503486633,-0.510527372360229,0.551244497299194,0.406338274478912
-0.645009577274323,-0.281774699687958,1.02895569801331,0.520817279815674,-0.512898862361908,0.550328552722931,0.403512984514236
-0.645127534866333,-0.281434237957001,1.02870416641235,0.521001935005188,-0.513735890388489,0.55014032125473,0.402465134859085
-0.644948959350586,-0.280352234840393,1.02785754203796,0.521179795265198,-0.51335996389389,0.550721287727356,0.401919692754745
-0.645141005516052,-0.280011743307114,1.02761316299438,0.521801114082336,-0.513839483261108,0.550987601280212,0.40013176202774
-0.645408749580383,-0.27963000535965,1.02749001979828,0.522268354892731,-0.514320313930511,0.551442801952362,0.398272931575775
-0.64565908908844,-0.279332637786865,1.02719664573669,0.524254083633423,-0.514163196086884,0.551954627037048,0.395145535469055
-0.645967543125153,-0.279067575931549,1.02701807022095,0.524579703807831,-0.514431476593018,0.552847027778625,0.393111497163773
-0.64625746011734,-0.278904885053635,1.02675974369049,0.525396287441254,-0.514407336711884,0.553827583789825,0.390664756298065
-0.646545767784119,-0.278774797916412,1.02662515640259,0.526408195495605,-0.514508247375488,0.554582178592682,0.388090550899506
-0.646882116794586,-0.278765857219696,1.0263763666153,0.527756690979004,-0.514427065849304,0.555488586425781,0.385058522224426
-0.647154927253723,-0.278588116168976,1.02641093730927,0.528823137283325,-0.514225363731384,0.556466519832611,0.382443934679031
-0.647344172000885,-0.278536438941956,1.02636909484863,0.530343353748322,-0.513549745082855,0.557602882385254,0.379580646753311
-0.647519171237946,-0.278536438941956,1.0263249874115,0.532174289226532,-0.512288808822632,0.559397220611572,0.376065909862518
-0.647605776786804,-0.27859091758728,1.02626669406891,0.533438205718994,-0.511764585971832,0.560430288314819,0.373441696166992
-0.647725939750671,-0.278715789318085,1.02627384662628,0.535443067550659,-0.510437667369843,0.561612486839294,0.370602011680603
-0.647780954837799,-0.278776854276657,1.02630233764648,0.536617577075958,-0.509812891483307,0.562433481216431,0.368512123823166
-0.647754549980164,-0.278850644826889,1.02630758285522,0.538247585296631,-0.508266568183899,0.564092040061951,0.365725159645081
-0.647675633430481,-0.278946936130524,1.0264436006546,0.539808213710785,-0.507109463214874,0.565003037452698,0.363618910312653
-0.647578597068787,-0.27899768948555,1.02642381191254,0.541130065917969,-0.505813479423523,0.566143155097961,0.361680805683136
-0.64744770526886,-0.27903488278389,1.02645647525787,0.542237818241119,-0.504693210124969,0.567119359970093,0.360053658485413
-0.647279143333435,-0.279079973697662,1.02651154994965,0.54357635974884,-0.503392338752747,0.567882537841797,0.358650684356689
-0.647062659263611,-0.279116302728653,1.02656221389771,0.54435783624649,-0.50267505645752,0.568295180797577,0.35781717300415
-0.646762371063232,-0.279135584831238,1.02661943435669,0.544919431209564,-0.502557218074799,0.568221390247345,0.357244610786438
-0.64644056558609,-0.279308348894119,1.02655339241028,0.546214640140533,-0.50088506937027,0.569028913974762,0.356328308582306
-0.646150767803192,-0.279345452785492,1.02662670612335,0.54686176776886,-0.499850451946258,0.569783926010132,0.355581343173981
-0.646150767803192,-0.279345452785492,1.02662670612335,0.54686176776886,-0.499850451946258,0.569783926010132,0.355581343173981
-0.645659506320953,-0.279425054788589,1.0267550945282,0.547892451286316,-0.498392939567566,0.570188879966736,0.355391651391983
-0.645469784736633,-0.279378056526184,1.02700161933899,0.548029124736786,-0.498031497001648,0.569782137870789,0.356338709592819
-0.645346701145172,-0.279383361339569,1.0270528793335,0.548060536384583,-0.497313469648361,0.57044905424118,0.356225818395615
-0.645184874534607,-0.279440879821777,1.02714490890503,0.547892928123474,-0.497275710105896,0.569936096668243,0.357355743646622
-0.645145177841187,-0.279480546712875,1.02724301815033,0.547694206237793,-0.496990650892258,0.569933354854584,0.358060210943222
-0.645154595375061,-0.279553115367889,1.02733325958252,0.547633171081543,-0.496372699737549,0.570232033729553,0.358535200357437
-0.645223617553711,-0.279625415802002,1.02740657329559,0.547333180904388,-0.496104180812836,0.570255517959595,0.359326809644699
-0.645345449447632,-0.279739379882812,1.02747392654419,0.547073721885681,-0.495098412036896,0.571010708808899,0.359909445047378
-0.645578026771545,-0.279811084270477,1.02762997150421,0.546161234378815,-0.495357036590576,0.570882081985474,0.361141383647919
-0.645821690559387,-0.279948115348816,1.02771425247192,0.545305609703064,-0.495574593544006,0.570886254310608,0.362127304077148
-0.646098077297211,-0.280029714107513,1.02785158157349,0.543713986873627,-0.498063445091248,0.568164765834808,0.365372151136398
-0.646737813949585,-0.280908644199371,1.02845680713654,0.543177664279938,-0.49873748421669,0.568914592266083,0.36408144235611
-0.647131502628326,-0.280988395214081,1.02851331233978,0.542223334312439,-0.49901956319809,0.568821489810944,0.365261137485504
-0.647271633148193,-0.280355542898178,1.02821969985962,0.540871918201447,-0.498691916465759,0.569017648696899,0.36740043759346
-0.647695481777191,-0.280229091644287,1.02861130237579,0.539365172386169,-0.499374985694885,0.568711817264557,0.369156986474991
-0.648053824901581,-0.280290454626083,1.02878379821777,0.53841358423233,-0.49976772069931,0.568360686302185,0.370552510023117
-0.648381412029266,-0.28059384226799,1.02841544151306,0.537338078022003,-0.501339673995972,0.567253291606903,0.371685773134232
-0.648710489273071,-0.28067821264267,1.0286169052124,0.536829352378845,-0.501165091991425,0.567284166812897,0.372607827186584
-0.649032950401306,-0.280708581209183,1.02884161472321,0.536739706993103,-0.500100553035736,0.567587554454803,0.373703598976135
-0.649300038814545,-0.280681490898132,1.02906596660614,0.536287605762482,-0.499811053276062,0.567524254322052,0.374834656715393
-0.649630904197693,-0.280708700418472,1.0293128490448,0.535913348197937,-0.499741494655609,0.567205131053925,0.375943750143051
-0.649945020675659,-0.280598104000091,1.02997720241547,0.534806847572327,-0.50013667345047,0.566749155521393,0.377677500247955
-0.650153934955597,-0.28058049082756,1.03023266792297,0.534342706203461,-0.500175833702087,0.566303789615631,0.378948777914047
-0.650547027587891,-0.280868947505951,1.0304856300354,0.533281922340393,-0.501731336116791,0.564752340316772,0.380698144435883
-0.650684535503387,-0.280794680118561,1.03070473670959,0.533583462238312,-0.500792622566223,0.564783811569214,0.381464183330536
-0.650656640529633,-0.280387133359909,1.03092265129089,0.534021437168121,-0.499051302671432,0.565400183200836,0.382219344377518
-0.650672912597656,-0.280208587646484,1.03111732006073,0.533605217933655,-0.499522536993027,0.564422845840454,0.383627265691757
-0.650760889053345,-0.280099511146545,1.03130519390106,0.533573687076569,-0.499113112688065,0.564001858234406,0.384820848703384
-0.650821685791016,-0.279966056346893,1.03150272369385,0.534222066402435,-0.497391641139984,0.56450629234314,0.385410279035568
-0.650887966156006,-0.279825091362,1.03164184093475,0.534345746040344,-0.496931046247482,0.56415581703186,0.386344850063324
-0.651042878627777,-0.279657483100891,1.03175389766693,0.534437656402588,-0.496581584215164,0.56378185749054,0.38721227645874
-0.650979697704315,-0.279218018054962,1.03181803226471,0.53491622209549,-0.495131194591522,0.564166665077209,0.387847810983658
-0.651156008243561,-0.279260069131851,1.03198397159576,0.534390866756439,-0.495881378650665,0.563166499137878,0.389064937829971
-0.651080846786499,-0.278803825378418,1.03206634521484,0.535314381122589,-0.494226574897766,0.563467442989349,0.389465063810349
-0.651013433933258,-0.278308689594269,1.03237771987915,0.535434603691101,-0.493350714445114,0.563610851764679,0.390202403068542
-0.651103317737579,-0.278034776449203,1.03245306015015,0.535782337188721,-0.492856442928314,0.563341975212097,0.390737622976303
-0.651346027851105,-0.278245538473129,1.03204929828644,0.53591388463974,-0.493719577789307,0.562319695949554,0.390939772129059
-0.651544332504272,-0.277896106243133,1.03256022930145,0.535196483135223,-0.4937344789505,0.561964333057404,0.392412036657333
-0.651749193668365,-0.277386695146561,1.03256630897522,0.542256414890289,-0.488401353359222,0.561693131923676,0.389773011207581
-0.651899397373199,-0.276918709278107,1.03269255161285,0.543653309345245,-0.487056046724319,0.561644732952118,0.389580249786377
-0.652121901512146,-0.276481449604034,1.03293991088867,0.54471218585968,-0.486117780208588,0.561457633972168,0.389542788267136
-0.652394890785217,-0.276038140058517,1.03313457965851,0.546133697032928,-0.484818339347839,0.56129002571106,0.389413118362427
-0.652686953544617,-0.275805413722992,1.03358018398285,0.534190773963928,-0.492677420377731,0.561619937419891,0.395591109991074
-0.652686953544617,-0.275805413722992,1.03358018398285,0.534190773963928,-0.492677420377731,0.561619937419891,0.395591109991074
-0.653587877750397,-0.274642050266266,1.03446245193481,0.533432483673096,-0.492261230945587,0.562000453472137,0.396591037511826
-0.654102683067322,-0.274241775274277,1.034783244133,0.532738864421844,-0.492645084857941,0.562089800834656,0.396919518709183
-0.65475606918335,-0.273783564567566,1.03507006168365,0.532202661037445,-0.492826282978058,0.562406241893768,0.396965801715851
-0.655462086200714,-0.273289799690247,1.03558659553528,0.530457675457001,-0.494371861219406,0.561183571815491,0.399104297161102
-0.656249761581421,-0.272997081279755,1.03586602210999,0.529646158218384,-0.49440935254097,0.5628941655159,0.397724270820618
-0.656249761581421,-0.272997081279755,1.03586602210999,0.529646158218384,-0.49440935254097,0.5628941655159,0.397724270820618
-0.658038794994354,-0.271913170814514,1.03700602054596,0.527083575725555,-0.495585650205612,0.564368844032288,0.397574990987778
-0.658850789070129,-0.271436989307404,1.03751730918884,0.525774121284485,-0.496206760406494,0.564652919769287,0.398130089044571
-0.659746110439301,-0.270943075418472,1.03777408599854,0.524434089660645,-0.496723622083664,0.56543380022049,0.398144632577896
-0.660812497138977,-0.270380824804306,1.03842413425446,0.522605419158936,-0.498237490653992,0.564683318138123,0.399719476699829
-0.661898076534271,-0.269650638103485,1.0393853187561,0.520732998847961,-0.498430728912354,0.566612482070923,0.3991918861866
-0.662909626960754,-0.268925607204437,1.04008829593658,0.519058525562286,-0.498863697052002,0.567610025405884,0.39941480755806
-0.663964450359344,-0.26812157034874,1.04103720188141,0.517058849334717,-0.499699652194977,0.567887842655182,0.40056699514389
-0.665014266967773,-0.267463952302933,1.04163038730621,0.515181243419647,-0.500548899173737,0.568407893180847,0.401187807321548
-0.666701197624207,-0.267427563667297,1.04261565208435,0.512898683547974,-0.502736628055573,0.568719565868378,0.400935471057892
-0.667907476425171,-0.26661816239357,1.04314601421356,0.510705530643463,-0.503856480121613,0.5690838098526,0.401811063289642
-0.66900110244751,-0.265962779521942,1.04387903213501,0.508358478546143,-0.505079627037048,0.569279849529266,0.402972251176834
-0.670177936553955,-0.26494437456131,1.04462909698486,0.505896329879761,-0.505649089813232,0.570137619972229,0.404142320156097
-0.670177936553955,-0.26494437456131,1.04462909698486,0.505896329879761,-0.505649089813232,0.570137619972229,0.404142320156097
-0.672377943992615,-0.26317372918129,1.04608166217804,0.501162052154541,-0.507475078105927,0.57094532251358,0.4066042304039
-0.673437774181366,-0.262271285057068,1.04673731327057,0.49891585111618,-0.508424341678619,0.570685386657715,0.408541232347488
-0.674464344978333,-0.26121574640274,1.04730784893036,0.497952967882156,-0.508234322071075,0.571426868438721,0.408916145563126
-0.675473749637604,-0.260203719139099,1.04792487621307,0.494940727949142,-0.509462714195251,0.571147561073303,0.411426961421966
-0.67635178565979,-0.259112179279327,1.04889583587646,0.49308967590332,-0.509491860866547,0.571359276771545,0.413315027952194
-0.677361845970154,-0.257987022399902,1.04945302009583,0.492373198270798,-0.508967995643616,0.572057604789734,0.413848012685776
-0.678474843502045,-0.257371693849564,1.05024898052216,0.484139204025268,-0.51313579082489,0.570185661315918,0.420938491821289
-0.679350793361664,-0.256157547235489,1.05080986022949,0.487981140613556,-0.510849058628082,0.570838510990143,0.418390959501266
-0.680334508419037,-0.255516320466995,1.05079758167267,0.487352669239044,-0.511307299137115,0.570657432079315,0.418810695409775
-0.681285500526428,-0.254314213991165,1.05183124542236,0.484599322080612,-0.512083947658539,0.569816291332245,0.422188431024551
-0.682272613048553,-0.253610730171204,1.05214750766754,0.478378921747208,-0.514597713947296,0.568417131900787,0.428070783615112
-0.683066666126251,-0.252655208110809,1.05266201496124,0.477308720350266,-0.514708399772644,0.567755341529846,0.430006623268127
-0.683997809886932,-0.251628160476685,1.05307614803314,0.476261794567108,-0.514304280281067,0.567606270313263,0.431843906641006
-0.684674203395844,-0.250666975975037,1.05400776863098,0.47513085603714,-0.514640808105469,0.566082894802094,0.434678822755814
-0.685770750045776,-0.24984472990036,1.05413937568665,0.47392988204956,-0.515429794788361,0.565193474292755,0.436210125684738
-0.686487793922424,-0.24893906712532,1.05463564395905,0.47458353638649,-0.515184462070465,0.563571155071259,0.437884747982025
-0.68734747171402,-0.248101890087128,1.05523657798767,0.472517848014831,-0.515647292137146,0.562578976154327,0.440839946269989
-0.688241481781006,-0.247187525033951,1.05556631088257,0.471150636672974,-0.516150534152985,0.561564683914185,0.443002074956894
-0.688985168933868,-0.246342897415161,1.05592894554138,0.470457643270492,-0.516385018825531,0.559917211532593,0.445543259382248
-0.689935207366943,-0.24544233083725,1.05607986450195,0.469840615987778,-0.516052961349487,0.558936476707458,0.447804987430573
-0.690597116947174,-0.244353517889977,1.05688810348511,0.469227105379105,-0.516008019447327,0.557102918624878,0.450774967670441
-0.691706240177155,-0.243603065609932,1.05717754364014,0.469057381153107,-0.515940427780151,0.556177735328674,0.452169150114059
-0.692418336868286,-0.242536664009094,1.05723738670349,0.47305554151535,-0.514254152774811,0.555002629756927,0.451368033885956
-0.692593276500702,-0.242445290088654,1.05467534065247,0.475823312997818,-0.509332060813904,0.557818949222565,0.450567752122879
-0.695658564567566,-0.24407647550106,1.05612254142761,0.467209905385971,-0.523615479469299,0.546554923057556,0.456967860460281
-0.696656465530396,-0.243254631757736,1.05626344680786,0.466945588588715,-0.523578763008118,0.545136451721191,0.458970189094543
-0.697601795196533,-0.242474883794784,1.05643427371979,0.469915807247162,-0.522771120071411,0.543631374835968,0.4586441218853
-0.698615252971649,-0.241714194417,1.05636441707611,0.466007143259048,-0.523735523223877,0.541780531406403,0.463694363832474
-0.699477016925812,-0.240922600030899,1.05653965473175,0.463657915592194,-0.525276124477386,0.538945853710175,0.467593610286713
-0.700257301330566,-0.239953026175499,1.05656087398529,0.463139712810516,-0.525191247463226,0.537089705467224,0.47033017873764
-0.70103257894516,-0.239129930734634,1.05627572536469,0.462794601917267,-0.525334775447845,0.535144209861755,0.472721070051193
-0.701907396316528,-0.238405615091324,1.05597627162933,0.462671220302582,-0.525371909141541,0.533290922641754,0.474890142679214
-0.702649474143982,-0.237532377243042,1.05576288700104,0.466338276863098,-0.52456670999527,0.531496703624725,0.474204152822495
-0.703445434570312,-0.23680180311203,1.0554803609848,0.466179370880127,-0.524600446224213,0.529523909091949,0.476524591445923
-0.703445434570312,-0.23680180311203,1.0554803609848,0.466179370880127,-0.524600446224213,0.529523909091949,0.476524591445923
-0.704807162284851,-0.235489964485168,1.05519807338715,0.465304851531982,-0.525730907917023,0.524656891822815,0.48149099946022
-0.705605983734131,-0.235026299953461,1.05495727062225,0.460388451814651,-0.527314603328705,0.522293031215668,0.487023293972015
-0.706009149551392,-0.234365552663803,1.05457234382629,0.462219893932342,-0.526410162448883,0.520462870597839,0.488224744796753
-0.70623517036438,-0.233719751238823,1.05423092842102,0.466190665960312,-0.52505624294281,0.519009590148926,0.487453818321228
-0.706764459609985,-0.233244076371193,1.05418813228607,0.466034740209579,-0.525408864021301,0.516944885253906,0.489413052797318
-0.707093596458435,-0.232707560062408,1.05368423461914,0.466021865606308,-0.525390326976776,0.515096962451935,0.491389721632004
-0.707381248474121,-0.232213735580444,1.05328571796417,0.466035306453705,-0.525346040725708,0.513438999652863,0.493156313896179
-0.707516551017761,-0.231734991073608,1.05302619934082,0.466345518827438,-0.525229811668396,0.511564373970032,0.494931757450104
-0.707367241382599,-0.230333924293518,1.05186057090759,0.465631812810898,-0.524041712284088,0.510532438755035,0.497919768095016
-0.707431435585022,-0.229997545480728,1.05149257183075,0.466197997331619,-0.523810148239136,0.508780121803284,0.49942484498024
-0.707402348518372,-0.229669392108917,1.05113089084625,0.466637194156647,-0.523529171943665,0.507041931152344,0.501074492931366
-0.707353830337524,-0.229383900761604,1.05075752735138,0.467509686946869,-0.523023903369904,0.50553286075592,0.502311885356903
-0.707274734973907,-0.229071691632271,1.05034029483795,0.468149930238724,-0.522376537322998,0.504630923271179,0.503295123577118
-0.707212507724762,-0.228858456015587,1.04996252059937,0.468652158975601,-0.522144377231598,0.503439247608185,0.504261314868927
-0.707195997238159,-0.229772567749023,1.05029571056366,0.47013258934021,-0.523073852062225,0.50119936466217,0.504151344299316
-0.707195997238159,-0.229772567749023,1.05029571056366,0.47013258934021,-0.523073852062225,0.50119936466217,0.504151344299316
-0.706837475299835,-0.229504153132439,1.0494544506073,0.47103625535965,-0.522696495056152,0.499576032161713,0.50530880689621
-0.70666229724884,-0.229308560490608,1.04906940460205,0.471666395664215,-0.522317945957184,0.499406725168228,0.505280196666718
-0.706421434879303,-0.229151546955109,1.0487539768219,0.472995460033417,-0.52223014831543,0.498768836259842,0.504757881164551
-0.705880761146545,-0.227823078632355,1.04761588573456,0.47094252705574,-0.521355450153351,0.498887032270432,0.507457792758942
-0.705568432807922,-0.227758973836899,1.0471738576889,0.471492677927017,-0.521320283412933,0.498302072286606,0.507557988166809
-0.705296277999878,-0.227727755904198,1.04678106307983,0.471591234207153,-0.521825790405273,0.497982352972031,0.507260680198669
-0.704865217208862,-0.227683514356613,1.04641580581665,0.471634060144424,-0.522053778171539,0.497783899307251,0.50718092918396
-0.70451432466507,-0.227582484483719,1.04594802856445,0.471971541643143,-0.522016167640686,0.498074859380722,0.506619572639465
-0.704138398170471,-0.227520078420639,1.04556894302368,0.472164392471313,-0.522316753864288,0.498509436845779,0.505701959133148
-0.703767716884613,-0.227449119091034,1.04520833492279,0.472279489040375,-0.522534608840942,0.498965919017792,0.5049187541008
-0.70336240530014,-0.227705538272858,1.04477965831757,0.468197196722031,-0.524260997772217,0.49811527132988,0.507762968540192
-0.702777206897736,-0.227658331394196,1.04435300827026,0.472755223512649,-0.523268342018127,0.499119251966476,0.5035600066185
-0.702777206897736,-0.227658331394196,1.04435300827026,0.472755223512649,-0.523268342018127,0.499119251966476,0.5035600066185
-0.70152759552002,-0.22777646780014,1.04348540306091,0.473417729139328,-0.523782730102539,0.500163078308105,0.501362562179565
-0.700872778892517,-0.227905511856079,1.04302406311035,0.47361221909523,-0.52418726682663,0.501006662845612,0.499911665916443
-0.700239181518555,-0.227993354201317,1.04274773597717,0.474530130624771,-0.525082170963287,0.501486957073212,0.497615307569504
-0.69945365190506,-0.228112936019897,1.04226899147034,0.473577916622162,-0.525793671607971,0.502356052398682,0.49689394235611
-0.698584377765656,-0.228336721658707,1.04192924499512,0.470604628324509,-0.526852130889893,0.502369821071625,0.498581141233444
-0.697539091110229,-0.228465750813484,1.04137539863586,0.474693268537521,-0.526446759700775,0.503638088703156,0.493830889463425
-0.696678817272186,-0.228777378797531,1.04100525379181,0.472325146198273,-0.527091920375824,0.504508495330811,0.494524329900742
-0.696678817272186,-0.228777378797531,1.04100525379181,0.472325146198273,-0.527091920375824,0.504508495330811,0.494524329900742
-0.694368064403534,-0.228835955262184,1.04008805751801,0.476268768310547,-0.52720034122467,0.506933927536011,0.488104492425919
-0.693198204040527,-0.229108721017837,1.03963255882263,0.47730216383934,-0.52756404876709,0.507375180721283,0.486239910125732
-0.692219078540802,-0.230440810322762,1.03998947143555,0.479391306638718,-0.528662979602814,0.507767915725708,0.482567429542542
-0.69105190038681,-0.230598747730255,1.03969144821167,0.476719468832016,-0.529448866844177,0.508542776107788,0.483535528182983
-0.689650893211365,-0.230754882097244,1.03921914100647,0.481006234884262,-0.528794646263123,0.510133326053619,0.478302419185638
-0.687980115413666,-0.229821920394897,1.03816056251526,0.476019889116287,-0.529039442539215,0.511846959590912,0.481180995702743
-0.686728477478027,-0.22997197508812,1.03774607181549,0.478601485490799,-0.528387069702148,0.512848258018494,0.478261828422546
-0.685222029685974,-0.23025044798851,1.03730010986328,0.479791224002838,-0.528279304504395,0.514014542102814,0.475931197404861
-0.683946847915649,-0.230413466691971,1.03690111637115,0.484325528144836,-0.527239143848419,0.516134023666382,0.470163077116013
-0.682765424251556,-0.230773776769638,1.03603279590607,0.48035454750061,-0.52905398607254,0.517159402370453,0.471070736646652
-0.681118309497833,-0.230761379003525,1.03568696975708,0.487885564565659,-0.5266193151474,0.519072651863098,0.46390026807785
-0.679641425609589,-0.230750516057014,1.03611207008362,0.487587362527847,-0.526430189609528,0.520299673080444,0.463053375482559
-0.678382456302643,-0.231052711606026,1.03583133220673,0.485520869493484,-0.527200043201447,0.520996630191803,0.463564783334732
-0.677028238773346,-0.231380611658096,1.03549516201019,0.485331594944,-0.527542531490326,0.522323608398438,0.461876928806305
-0.675858080387115,-0.231681227684021,1.03506577014923,0.485933870077133,-0.52788782119751,0.523593246936798,0.459404855966568
-0.674655318260193,-0.231984332203865,1.03475439548492,0.486611366271973,-0.52827376127243,0.524634301662445,0.457050412893295
-0.673492908477783,-0.232220903038978,1.03437459468842,0.489286005496979,-0.527196764945984,0.52643620967865,0.453351765871048
-0.672336101531982,-0.232562974095344,1.03399622440338,0.493510335683823,-0.52660346031189,0.52795821428299,0.447656840085983
-0.671363234519958,-0.232834190130234,1.0336697101593,0.494336068630219,-0.52640038728714,0.529639422893524,0.444990456104279
-0.670291543006897,-0.233117997646332,1.0333366394043,0.494624644517899,-0.526583731174469,0.530968368053436,0.442864120006561
-0.669308245182037,-0.233549296855927,1.03312206268311,0.490594893693924,-0.528467237949371,0.530963778495789,0.445102959871292
-0.668559014797211,-0.234098941087723,1.03241467475891,0.491075575351715,-0.529001832008362,0.53194534778595,0.442759662866592
-0.667771637439728,-0.234374225139618,1.03202247619629,0.491820454597473,-0.529052138328552,0.533254265785217,0.440291523933411
-0.666965842247009,-0.234676510095596,1.03172051906586,0.491913914680481,-0.529520332813263,0.534014105796814,0.438700467348099
-0.666375041007996,-0.235548973083496,1.03178739547729,0.497408121824265,-0.528746128082275,0.535112142562866,0.432050675153732
-0.665551781654358,-0.23570841550827,1.03181087970734,0.493067890405655,-0.530158758163452,0.535846292972565,0.434378683567047
-0.664702713489532,-0.235349416732788,1.03095030784607,0.492825478315353,-0.530080378055573,0.536448419094086,0.434006184339523
-0.664328217506409,-0.235634431242943,1.03066623210907,0.492686986923218,-0.530647695064545,0.537211000919342,0.432523816823959
-0.663822174072266,-0.235822021961212,1.03047943115234,0.492952197790146,-0.530791580677032,0.53805947303772,0.430987626314163
-0.663353562355042,-0.236199796199799,1.03019034862518,0.493112564086914,-0.531345009803772,0.538368284702301,0.429735034704208
-0.663353562355042,-0.236199796199799,1.03019034862518,0.493112564086914,-0.531345009803772,0.538368284702301,0.429735034704208
-0.662764668464661,-0.236796975135803,1.02965521812439,0.492933034896851,-0.532483398914337,0.539093971252441,0.427616834640503
-0.662827968597412,-0.237185269594193,1.02919065952301,0.492545664310455,-0.533585846424103,0.539387404918671,0.42631721496582
-0.662725448608398,-0.237401008605957,1.02899491786957,0.492399960756302,-0.534149527549744,0.53963029384613,0.425471216440201
-0.662557303905487,-0.237442672252655,1.0290162563324,0.492351531982422,-0.534227013587952,0.539950966835022,0.425023019313812
-0.662623584270477,-0.237659692764282,1.02879095077515,0.491736203432083,-0.535283029079437,0.539838314056396,0.424549549818039
-0.66280734539032,-0.237878769636154,1.0286511182785,0.491225928068161,-0.536235392093658,0.539769768714905,0.42402508854866
-0.663000583648682,-0.238051101565361,1.02847743034363,0.49106827378273,-0.536803126335144,0.539854168891907,0.42338153719902
-0.663273811340332,-0.238220632076263,1.02830100059509,0.490481197834015,-0.537560641765594,0.540082633495331,0.422808974981308
-0.663739681243896,-0.238432794809341,1.02817976474762,0.490085363388062,-0.53853452205658,0.539554178714752,0.422703474760055
-0.664124667644501,-0.238513797521591,1.02810943126678,0.489566296339035,-0.538981676101685,0.539902091026306,0.422290682792664
-0.664880752563477,-0.2389897108078,1.02767038345337,0.488670170307159,-0.540787220001221,0.539035856723785,0.422126978635788
-0.66543436050415,-0.239169359207153,1.02760696411133,0.488341122865677,-0.541605770587921,0.538267254829407,0.422439068555832
-0.666040599346161,-0.239272177219391,1.02758383750916,0.487961053848267,-0.54224967956543,0.537864923477173,0.42256435751915
-0.666936576366425,-0.239492863416672,1.02749729156494,0.48700624704361,-0.543584585189819,0.537296175956726,0.422674566507339
-0.667645037174225,-0.23950457572937,1.02760457992554,0.486398011445999,-0.544026136398315,0.537013649940491,0.423165202140808
-0.667645037174225,-0.23950457572937,1.02760457992554,0.486398011445999,-0.544026136398315,0.537013649940491,0.423165202140808
-0.669450759887695,-0.239852055907249,1.02757668495178,0.485178619623184,-0.546012759208679,0.535368740558624,0.424089789390564
-0.67038881778717,-0.239950329065323,1.02752566337585,0.484300792217255,-0.546995341777802,0.534377813339233,0.425075650215149
-0.671496510505676,-0.240178436040878,1.02753186225891,0.482889741659164,-0.54863315820694,0.533240675926208,0.425997167825699
-0.672406554222107,-0.240185499191284,1.02742850780487,0.48212057352066,-0.549400568008423,0.532262027263641,0.427101731300354
-0.673529803752899,-0.240178108215332,1.0273185968399,0.481226712465286,-0.550094366073608,0.531774818897247,0.42782336473465
-0.674461126327515,-0.240271300077438,1.0271817445755,0.480631440877914,-0.550844788551331,0.53057199716568,0.429018616676331
-0.675703108310699,-0.240514725446701,1.02683782577515,0.479463219642639,-0.552298486232758,0.529136717319489,0.430227786302566
-0.67648845911026,-0.24039301276207,1.02701020240784,0.478746980428696,-0.552565932273865,0.528064489364624,0.431995809078216
-0.677619755268097,-0.240397915244102,1.02689552307129,0.477678209543228,-0.553118467330933,0.527397811412811,0.433283865451813
-0.678664922714233,-0.240446388721466,1.02679121494293,0.476972728967667,-0.553891360759735,0.525749146938324,0.435074120759964
-0.679771244525909,-0.240496128797531,1.02661097049713,0.475687116384506,-0.554801881313324,0.524841368198395,0.436414986848831
-0.680700242519379,-0.240537777543068,1.02657985687256,0.475321292877197,-0.555027365684509,0.523359596729279,0.438302785158157
-0.682062983512878,-0.240924537181854,1.02614784240723,0.474011838436127,-0.556893348693848,0.521257042884827,0.439856261014938
-0.683101832866669,-0.241184741258621,1.02575874328613,0.473332673311234,-0.557843744754791,0.519431591033936,0.441540002822876
-0.684225499629974,-0.241124510765076,1.02555370330811,0.472161799669266,-0.558736562728882,0.518079102039337,0.443250209093094
-0.684225499629974,-0.241124510765076,1.02555370330811,0.472161799669266,-0.558736562728882,0.518079102039337,0.443250209093094
-0.686043441295624,-0.241350680589676,1.02459454536438,0.471666157245636,-0.558693885803223,0.51573634147644,0.446551650762558
-0.686852276325226,-0.241449028253555,1.02435231208801,0.471081167459488,-0.558925151824951,0.514289736747742,0.448543637990951
-0.687811195850372,-0.241488754749298,1.02408611774445,0.470318675041199,-0.559545814990997,0.512657225131989,0.450434654951096
-0.688698828220367,-0.241397619247436,1.02432990074158,0.469406932592392,-0.560058951377869,0.510994970798492,0.452631622552872
-0.688698828220367,-0.241397619247436,1.02432990074158,0.469406932592392,-0.560058951377869,0.510994970798492,0.452631622552872
-0.690342485904694,-0.241296961903572,1.02387261390686,0.468302428722382,-0.560684025287628,0.508149206638336,0.456191450357437
-0.691039741039276,-0.241342574357986,1.02364540100098,0.467957943677902,-0.560953855514526,0.50648045539856,0.458065152168274
-0.691905498504639,-0.241354793310165,1.02342855930328,0.467456132173538,-0.561057507991791,0.505461692810059,0.459573656320572
-0.692672550678253,-0.241288989782333,1.02311885356903,0.466402679681778,-0.561651885509491,0.503892302513123,0.461636662483215
-0.693440616130829,-0.241390019655228,1.0223228931427,0.466424763202667,-0.561721086502075,0.502413690090179,0.463139146566391
-0.694451689720154,-0.241218656301498,1.02205955982208,0.465401738882065,-0.562166571617126,0.50145435333252,0.464665025472641
-0.695212602615356,-0.241209924221039,1.02185535430908,0.464514553546906,-0.562955737113953,0.499673157930374,0.466512471437454
-0.695947647094727,-0.241152793169022,1.02163255214691,0.463777214288711,-0.563490271568298,0.497978121042252,0.468409359455109
-0.696806311607361,-0.241156458854675,1.02143681049347,0.463205397129059,-0.563898861408234,0.49664631485939,0.469895213842392
-0.696806311607361,-0.241156458854675,1.02143681049347,0.463205397129059,-0.563898861408234,0.49664631485939,0.469895213842392
-0.698412239551544,-0.240923136472702,1.02156841754913,0.460776060819626,-0.565547049045563,0.493152618408203,0.473964661359787
-0.699158191680908,-0.240881204605103,1.02088856697083,0.460785120725632,-0.56566321849823,0.492036134004593,0.474976420402527
-0.700005531311035,-0.240899413824081,1.021244764328,0.459961861371994,-0.566551268100739,0.490540236234665,0.476261556148529
-0.700840175151825,-0.240877717733383,1.02102661132812,0.458822637796402,-0.567618429660797,0.489116787910461,0.477552115917206
-0.701544761657715,-0.240872114896774,1.02084255218506,0.458296209573746,-0.568247854709625,0.487700194120407,0.478756487369537
-0.702264904975891,-0.240854114294052,1.02060723304749,0.457596153020859,-0.568899929523468,0.486519813537598,0.479851186275482
-0.703095138072968,-0.24076110124588,1.02034604549408,0.456728875637054,-0.569577395915985,0.485704779624939,0.480698764324188
-0.703824043273926,-0.240699037909508,1.0200982093811,0.455789059400558,-0.570483326911926,0.484569162130356,0.481661707162857
-0.704449713230133,-0.240658074617386,1.01990699768066,0.455161452293396,-0.570831477642059,0.484049797058105,0.482364177703857
-0.705276012420654,-0.240732073783875,1.01920604705811,0.454458117485046,-0.571855485439301,0.483128786087036,0.482738077640533
-0.705887615680695,-0.240613207221031,1.01935195922852,0.453233778476715,-0.573061764240265,0.481574058532715,0.484010428190231
-0.706493139266968,-0.240621462464332,1.01871168613434,0.452767729759216,-0.573784351348877,0.480905473232269,0.4842549264431
-0.70713484287262,-0.24044506251812,1.01892423629761,0.451852172613144,-0.574283182621002,0.479891538619995,0.485523045063019
-0.707905292510986,-0.240358114242554,1.01859712600708,0.450914591550827,-0.575267732143402,0.479236721992493,0.485875993967056
-0.708402395248413,-0.24017333984375,1.01825356483459,0.45285302400589,-0.575466334819794,0.479449421167374,0.483622670173645
-0.708941996097565,-0.24005925655365,1.01807582378387,0.451998382806778,-0.576245546340942,0.478739589452743,0.484197497367859
-0.709528565406799,-0.239924877882004,1.01797580718994,0.450843125581741,-0.577359259128571,0.477898001670837,0.484778732061386
-0.709961235523224,-0.239834040403366,1.01764571666718,0.45007199048996,-0.578085958957672,0.47759473323822,0.484928041696548
-0.710317850112915,-0.239707261323929,1.0173271894455,0.449434578418732,-0.578838169574738,0.476669579744339,0.485531717538834
-0.710964381694794,-0.239681854844093,1.01706790924072,0.448108106851578,-0.580547451972961,0.475050389766693,0.486303567886352
-0.711489737033844,-0.239666551351547,1.01682651042938,0.444127589464188,-0.582531809806824,0.473243415355682,0.489334344863892
-0.711874186992645,-0.239570096135139,1.01661419868469,0.443161517381668,-0.583494007587433,0.472693860530853,0.489595025777817
-0.712352812290192,-0.239509254693985,1.01629137992859,0.442185312509537,-0.584618091583252,0.472348004579544,0.489470511674881
-0.712729096412659,-0.239417910575867,1.01603507995605,0.440929740667343,-0.586229205131531,0.471845239400864,0.489161044359207
-0.713217496871948,-0.239311277866363,1.01586091518402,0.440034449100494,-0.586901843547821,0.471521019935608,0.489473044872284
-0.71349024772644,-0.239188373088837,1.0156569480896,0.439287066459656,-0.58765184879303,0.471337914466858,0.489420890808105
-0.713764905929565,-0.239094704389572,1.01546025276184,0.438015550374985,-0.589197218418121,0.470865458250046,0.489157259464264
-0.714033603668213,-0.239028662443161,1.01522278785706,0.437093734741211,-0.590243339538574,0.470463931560516,0.489106982946396
-0.714338362216949,-0.238958299160004,1.01496016979218,0.43605625629425,-0.591351568698883,0.470201998949051,0.488946348428726
-0.714546918869019,-0.23887924849987,1.01474285125732,0.435445249080658,-0.592215061187744,0.470004320144653,0.488635540008545
-0.714757323265076,-0.238818868994713,1.01448798179626,0.434682369232178,-0.593120872974396,0.469812244176865,0.488401025533676
-0.714905321598053,-0.238708078861236,1.01428353786469,0.434069037437439,-0.593868911266327,0.469724535942078,0.488121658563614
-0.71517688035965,-0.238643914461136,1.01403176784515,0.433708310127258,-0.594249665737152,0.469847649335861,0.487860232591629
-0.71517688035965,-0.238643914461136,1.01403176784515,0.433708310127258,-0.594249665737152,0.469847649335861,0.487860232591629
-0.715638279914856,-0.23857244849205,1.01349949836731,0.432191848754883,-0.596328556537628,0.469450116157532,0.487051397562027
-0.715778589248657,-0.238452404737473,1.01329374313354,0.431779325008392,-0.596553325653076,0.470810920000076,0.485826969146729
-0.715936660766602,-0.238425821065903,1.01274991035461,0.430952042341232,-0.597931683063507,0.469595313072205,0.486043721437454
-0.716083407402039,-0.238354235887527,1.01253712177277,0.430315405130386,-0.598674654960632,0.469571441411972,0.485716074705124
-0.716144621372223,-0.238167077302933,1.01225769519806,0.429787039756775,-0.599123358726501,0.469900518655777,0.485312014818191
-0.716295838356018,-0.238067001104355,1.0121830701828,0.42886421084404,-0.600095450878143,0.469653904438019,0.485166281461716
-0.716375708580017,-0.237984001636505,1.01200127601624,0.428267478942871,-0.600888133049011,0.469469308853149,0.484890848398209
-0.716487765312195,-0.237899124622345,1.01186227798462,0.427738964557648,-0.601648509502411,0.469440430402756,0.484442204236984
-0.716547131538391,-0.237800866365433,1.01166534423828,0.427195072174072,-0.602264940738678,0.469570070505142,0.484030306339264
-0.716584324836731,-0.237709999084473,1.01158010959625,0.426619231700897,-0.602893531322479,0.469515830278397,0.483808159828186
-0.716606616973877,-0.237593650817871,1.01147520542145,0.426180005073547,-0.603344023227692,0.469623178243637,0.483529359102249
-0.716647028923035,-0.237507849931717,1.01137053966522,0.425673872232437,-0.603853702545166,0.469589799642563,0.483371526002884
-0.716635286808014,-0.237396955490112,1.01131892204285,0.42520809173584,-0.604333937168121,0.469508975744247,0.483259826898575
-0.716633915901184,-0.237296223640442,1.01125359535217,0.424891978502274,-0.604642808437347,0.469609916210175,0.48305332660675
-0.716677486896515,-0.23727160692215,1.0110809803009,0.424642354249954,-0.605010390281677,0.469682246446609,0.482742100954056
-0.716660559177399,-0.23712232708931,1.01110625267029,0.424183458089828,-0.605274021625519,0.469741225242615,0.482757806777954
-0.716753602027893,-0.236919373273849,1.01201236248016,0.422733545303345,-0.606177449226379,0.468905508518219,0.483707517385483
-0.716784119606018,-0.236792773008347,1.01200306415558,0.42233219742775,-0.606343626976013,0.469060033559799,0.483700156211853
-0.716874003410339,-0.23667448759079,1.01220381259918,0.421653687953949,-0.606787741184235,0.468919068574905,0.483871757984161
-0.716864287853241,-0.236492574214935,1.01216948032379,0.421486496925354,-0.606638193130493,0.469329178333282,0.483807444572449
-0.717031121253967,-0.236402302980423,1.01227426528931,0.420876622200012,-0.607064962387085,0.469198703765869,0.483929395675659
-0.717194497585297,-0.236283630132675,1.01237440109253,0.419871300458908,-0.607535064220428,0.468979597091675,0.484424650669098
-0.717389225959778,-0.236066609621048,1.01243221759796,0.419054061174393,-0.607839941978455,0.468958556652069,0.484770238399506
-0.717607259750366,-0.2359339594841,1.01259195804596,0.418226003646851,-0.608262777328491,0.468778312206268,0.48512926697731
-0.717816114425659,-0.23580376803875,1.01278841495514,0.417131423950195,-0.609138071537018,0.468730002641678,0.485019952058792
-0.718084514141083,-0.23563939332962,1.01302218437195,0.416275978088379,-0.609568297863007,0.468498170375824,0.485438406467438
-0.718406736850739,-0.235512673854828,1.01340842247009,0.415237993001938,-0.610186636447906,0.468026995658875,0.486004561185837
-0.718622028827667,-0.235263034701347,1.01367664337158,0.414708495140076,-0.610065996646881,0.468256115913391,0.486387193202972
-0.719093263149261,-0.235078439116478,1.01393985748291,0.413782089948654,-0.610455095767975,0.468251794576645,0.486692190170288
-0.71938943862915,-0.234989762306213,1.01410531997681,0.413546115159988,-0.610080063343048,0.468133360147476,0.487476408481598
-0.71962958574295,-0.234832584857941,1.01462781429291,0.412922084331512,-0.610125064849854,0.467792421579361,0.488275855779648
-0.719957947731018,-0.23482283949852,1.01482164859772,0.412130683660507,-0.610473036766052,0.467334747314453,0.48894727230072
-0.72017103433609,-0.234746515750885,1.01527094841003,0.411157786846161,-0.611071288585663,0.466805666685104,0.489524036645889
-0.720368206501007,-0.23462863266468,1.01575708389282,0.410510003566742,-0.610994577407837,0.466549307107925,0.490406841039658
-0.720368206501007,-0.23462863266468,1.01575708389282,0.410510003566742,-0.610994577407837,0.466549307107925,0.490406841039658
-0.720566630363464,-0.234343558549881,1.01637136936188,0.409683495759964,-0.609718203544617,0.467823833227158,0.491471469402313
-0.720607697963715,-0.234207004308701,1.01681745052338,0.40947887301445,-0.609199404716492,0.467328369617462,0.492754936218262
-0.720736622810364,-0.234082907438278,1.01740026473999,0.408817499876022,-0.608802378177643,0.466942131519318,0.49415910243988
-0.720823705196381,-0.233929932117462,1.01777815818787,0.411710828542709,-0.60759299993515,0.467337936162949,0.492869436740875
-0.720971345901489,-0.233832329511642,1.01834976673126,0.408006519079208,-0.607914924621582,0.465622276067734,0.497157961130142
-0.72114896774292,-0.233788669109344,1.01836717128754,0.407914042472839,-0.607556223869324,0.465440571308136,0.497841954231262
-0.721334040164948,-0.233597725629806,1.01935064792633,0.406890332698822,-0.607494950294495,0.464728325605392,0.499417424201965
-0.721638977527618,-0.233495876193046,1.01984298229218,0.406093657016754,-0.607370138168335,0.464291602373123,0.500622391700745
-0.721749424934387,-0.233330309391022,1.02052009105682,0.404734909534454,-0.607728958129883,0.463588654994965,0.501936912536621
-0.721919178962708,-0.233166992664337,1.02100872993469,0.404733747243881,-0.606738567352295,0.462883979082107,0.50378292798996
-0.7221959233284,-0.232909187674522,1.02166831493378,0.403947293758392,-0.606449246406555,0.462443262338638,0.505165457725525
-0.722352147102356,-0.232724100351334,1.02236342430115,0.403246372938156,-0.605990052223206,0.462000995874405,0.506679058074951
-0.722694337368011,-0.232562661170959,1.02292954921722,0.40236896276474,-0.605567693710327,0.462198585271835,0.507700204849243
-0.723103165626526,-0.232258751988411,1.02354156970978,0.401386827230453,-0.605073034763336,0.462369978427887,0.508910059928894
-0.723466515541077,-0.232001736760139,1.02422416210175,0.400353521108627,-0.605286598205566,0.461159378290176,0.51056569814682
-0.723822951316833,-0.231720700860023,1.02485549449921,0.398972183465958,-0.605282127857208,0.460500687360763,0.512243866920471
-0.724217295646667,-0.231285914778709,1.02559971809387,0.400528639554977,-0.604840576648712,0.460887223482132,0.511202037334442
-0.724826455116272,-0.231245592236519,1.0257226228714,0.396261066198349,-0.605461776256561,0.459933757781982,0.514639973640442
-0.725251376628876,-0.230902820825577,1.02640008926392,0.394970566034317,-0.605625927448273,0.459072232246399,0.516205549240112
-0.725525319576263,-0.230640321969986,1.02700591087341,0.393902003765106,-0.605365931987762,0.458666265010834,0.517685890197754
-0.726073086261749,-0.230150669813156,1.02817010879517,0.391906589269638,-0.605603158473969,0.457950234413147,0.519553244113922
-0.726507186889648,-0.229842841625214,1.0287172794342,0.390924841165543,-0.605493485927582,0.458027869462967,0.520351767539978
-0.726881802082062,-0.229524031281471,1.02917492389679,0.389976739883423,-0.60509330034256,0.457890778779984,0.521647810935974
-0.727174043655396,-0.229114055633545,1.0297863483429,0.391933619976044,-0.604606926441193,0.457884699106216,0.520749628543854
-0.727663338184357,-0.228936538100243,1.03001093864441,0.387804538011551,-0.604929029941559,0.456779837608337,0.524424254894257
-0.727902352809906,-0.228730916976929,1.03065502643585,0.387080907821655,-0.604746043682098,0.456120878458023,0.525741815567017
-0.728182435035706,-0.228433459997177,1.03114688396454,0.386065781116486,-0.604720592498779,0.455745965242386,0.526841402053833
-0.726922631263733,-0.225896686315536,1.03391969203949,0.38536062836647,-0.600124537944794,0.457261055707932,0.531281769275665
-0.726956844329834,-0.225655764341354,1.03434896469116,0.384871035814285,-0.599830627441406,0.456662088632584,0.532482206821442
-0.727620780467987,-0.226263433694839,1.03498136997223,0.38494747877121,-0.60088449716568,0.455185890197754,0.5325026512146
-0.72761857509613,-0.225932657718658,1.03522646427155,0.384596973657608,-0.600399136543274,0.454751193523407,0.533673584461212
-0.727636098861694,-0.225716292858124,1.03545320034027,0.384074956178665,-0.600355386734009,0.453709006309509,0.534984350204468
-0.72744745016098,-0.225118026137352,1.0353786945343,0.383429348468781,-0.599794149398804,0.453019052743912,0.536658823490143
-0.727243900299072,-0.224850073456764,1.03545010089874,0.383331060409546,-0.59940242767334,0.452250450849533,0.537813782691956
-0.727183043956757,-0.22455196082592,1.03547501564026,0.386728703975677,-0.598825871944427,0.452234417200089,0.536034286022186
-0.727121591567993,-0.22441104054451,1.03560137748718,0.382599711418152,-0.599087715148926,0.450629532337189,0.540041148662567
-0.727353751659393,-0.224040627479553,1.03573024272919,0.38205498456955,-0.598976492881775,0.450516909360886,0.540643930435181
-0.727356255054474,-0.223740205168724,1.03570640087128,0.381617605686188,-0.598867356777191,0.450069665908813,0.54144561290741
-0.727317929267883,-0.223592668771744,1.03568196296692,0.381310790777206,-0.599015653133392,0.449209213256836,0.542211771011353
-0.727127432823181,-0.223488137125969,1.03559648990631,0.38130846619606,-0.59887433052063,0.448478251695633,0.54297411441803
-0.726909875869751,-0.223331123590469,1.03544318675995,0.381250441074371,-0.598735511302948,0.447840660810471,0.543693542480469
-0.726701021194458,-0.22326797246933,1.03525149822235,0.381309777498245,-0.598665535449982,0.447051465511322,0.544378101825714
-0.726509511470795,-0.223229750990868,1.03509497642517,0.381240457296371,-0.598623633384705,0.446700066328049,0.544761061668396
-0.725806355476379,-0.223261415958405,1.03527879714966,0.38192692399025,-0.598053455352783,0.445681810379028,0.545739769935608
-0.725550055503845,-0.223416447639465,1.03498494625092,0.382454693317413,-0.597972333431244,0.44522425532341,0.545832276344299
-0.72536027431488,-0.223496839404106,1.03478908538818,0.382726281881332,-0.597962856292725,0.444916099309921,0.545903742313385
-0.725199937820435,-0.223694622516632,1.03441274166107,0.382987171411514,-0.598254978656769,0.444517523050308,0.545725345611572
-0.724880397319794,-0.223865017294884,1.03413248062134,0.383289515972137,-0.598404943943024,0.444042712450027,0.54573518037796
-0.7244713306427,-0.223839446902275,1.03363609313965,0.383609771728516,-0.598196446895599,0.443752884864807,0.54597419500351
-0.724009215831757,-0.223847806453705,1.03331291675568,0.383963137865066,-0.597927987575531,0.443890124559402,0.545908510684967
-0.723570048809052,-0.224070325493813,1.03303909301758,0.384399920701981,-0.597964882850647,0.443737119436264,0.545684933662415
-0.723140299320221,-0.2242361754179,1.03288674354553,0.384810358285904,-0.59796941280365,0.443808317184448,0.545332908630371
-0.723140299320221,-0.2242361754179,1.03288674354553,0.384810358285904,-0.59796941280365,0.443808317184448,0.545332908630371
-0.721797823905945,-0.224829897284508,1.03259146213531,0.39138463139534,-0.596616208553314,0.445649415254593,0.540614128112793
-0.721190452575684,-0.22535066306591,1.03241097927094,0.387218624353409,-0.597323715686798,0.444315135478973,0.543921232223511
-0.72054260969162,-0.22564110159874,1.03215193748474,0.392010003328323,-0.596577107906342,0.445591390132904,0.540252029895782
-0.72054260969162,-0.22564110159874,1.03215193748474,0.392010003328323,-0.596577107906342,0.445591390132904,0.540252029895782
-0.719132900238037,-0.226622045040131,1.03182899951935,0.390044569969177,-0.596425175666809,0.445971578359604,0.541527032852173
-0.718153059482574,-0.227053165435791,1.03153395652771,0.394371420145035,-0.595625400543213,0.447515577077866,0.537988305091858
-0.717414915561676,-0.227815270423889,1.03119933605194,0.392728894948959,-0.595822989940643,0.447155922651291,0.539268612861633
-0.716470122337341,-0.228355869650841,1.03126513957977,0.393299400806427,-0.59542578458786,0.448413968086243,0.538245916366577
-0.715311467647552,-0.229060158133507,1.03115677833557,0.394869416952133,-0.595028519630432,0.44862887263298,0.537355780601501
-0.714396178722382,-0.229609072208405,1.03089416027069,0.396521210670471,-0.594343483448029,0.450385391712189,0.535425186157227
-0.714396178722382,-0.229609072208405,1.03089416027069,0.396521210670471,-0.594343483448029,0.450385391712189,0.535425186157227
-0.712092220783234,-0.231039598584175,1.03096294403076,0.399627387523651,-0.593014895915985,0.452396631240845,0.532887101173401
-0.71108090877533,-0.231860816478729,1.03076159954071,0.40105065703392,-0.592629373073578,0.453765481710434,0.531079590320587
-0.70968759059906,-0.232586875557899,1.03057718276978,0.402809649705887,-0.591542780399323,0.455173343420029,0.529753506183624
-0.708452463150024,-0.233399629592896,1.03053140640259,0.404574245214462,-0.590833127498627,0.456545472145081,0.528017461299896
-0.707059860229492,-0.234023988246918,1.03077852725983,0.406123340129852,-0.589557111263275,0.458515346050262,0.526545345783234
-0.705383002758026,-0.234609484672546,1.03069591522217,0.408577173948288,-0.587811827659607,0.461065948009491,0.524366557598114
-0.704022526741028,-0.235538050532341,1.03038859367371,0.411180853843689,-0.586022615432739,0.463721990585327,0.521986424922943
-0.704022526741028,-0.235538050532341,1.03038859367371,0.411180853843689,-0.586022615432739,0.463721990585327,0.521986424922943
-0.701454222202301,-0.237324774265289,1.03053641319275,0.414046108722687,-0.585319876670837,0.467148780822754,0.517434597015381
-0.699857711791992,-0.238334149122238,1.03069043159485,0.416342198848724,-0.58435845375061,0.468523025512695,0.515432357788086
-0.69814658164978,-0.238932579755783,1.03056716918945,0.419199228286743,-0.581744134426117,0.472027063369751,0.512870669364929
-0.696544766426086,-0.239888265728951,1.03065943717957,0.422118067741394,-0.579864144325256,0.473675101995468,0.511082828044891
-0.695241987705231,-0.240950599312782,1.03054916858673,0.424593269824982,-0.578752934932709,0.476082682609558,0.508046090602875
-0.693498313426971,-0.241923600435257,1.03065502643585,0.426561027765274,-0.577809512615204,0.478125810623169,0.505546748638153
-0.693498313426971,-0.241923600435257,1.03065502643585,0.426561027765274,-0.577809512615204,0.478125810623169,0.505546748638153
-0.690283238887787,-0.243672281503677,1.03135097026825,0.431292086839676,-0.574996590614319,0.482908695936203,0.500165224075317
-0.688638746738434,-0.24453267455101,1.03135716915131,0.433635026216507,-0.573570132255554,0.484840273857117,0.497903645038605
-0.687064945697784,-0.24554243683815,1.03157722949982,0.435947716236115,-0.571761965751648,0.487447530031204,0.495411962270737
-0.685427665710449,-0.24637246131897,1.03158569335938,0.439018428325653,-0.570293843746185,0.489834368228912,0.492026269435883
-0.683551073074341,-0.247084200382233,1.03195095062256,0.44122764468193,-0.568568229675293,0.492126405239105,0.489754885435104
-0.681918740272522,-0.247941762208939,1.03209698200226,0.444493263959885,-0.565683662891388,0.495710223913193,0.486517488956451
-0.680189430713654,-0.248833358287811,1.03226864337921,0.446588009595871,-0.565088391304016,0.496987730264664,0.483980804681778
-0.680189430713654,-0.248833358287811,1.03226864337921,0.446588009595871,-0.565088391304016,0.496987730264664,0.483980804681778
-0.676743268966675,-0.250371336936951,1.03261089324951,0.451525628566742,-0.560898780822754,0.502598464488983,0.478447437286377
-0.675181865692139,-0.251210570335388,1.03249800205231,0.453628242015839,-0.559973776340485,0.504555702209473,0.475472867488861
-0.673515498638153,-0.252017349004745,1.03261625766754,0.456157356500626,-0.558103203773499,0.506741523742676,0.472921222448349
-0.672154605388641,-0.252950429916382,1.0325939655304,0.457715094089508,-0.557263195514679,0.508941888809204,0.470035225152969
-0.670349895954132,-0.253655582666397,1.03298187255859,0.459256649017334,-0.556527614593506,0.510254144668579,0.467975467443466
-0.668839335441589,-0.254355430603027,1.03284978866577,0.461300849914551,-0.555156946182251,0.512619733810425,0.464998334646225
-0.667303025722504,-0.254843533039093,1.03330826759338,0.463172018527985,-0.553266525268555,0.51537162065506,0.462341725826263
-0.665990591049194,-0.255649924278259,1.03339338302612,0.465059787034988,-0.552324175834656,0.516949534416199,0.459804892539978
-0.664525032043457,-0.256321668624878,1.0334734916687,0.467095822095871,-0.55078125,0.519650816917419,0.45653560757637
-0.663307189941406,-0.256880342960358,1.03344321250916,0.468365252017975,-0.549767136573792,0.52172327041626,0.454087108373642
-0.662000894546509,-0.257600367069244,1.03347063064575,0.470354110002518,-0.548423230648041,0.523677229881287,0.451399117708206
-0.660611212253571,-0.258186757564545,1.03353273868561,0.472045868635178,-0.547041833400726,0.525706946849823,0.448943555355072
-0.659575700759888,-0.25868958234787,1.0335385799408,0.473443388938904,-0.545927047729492,0.527868270874023,0.446284770965576
-0.658181965351105,-0.259348452091217,1.03346228599548,0.475137680768967,-0.544816017150879,0.529569447040558,0.443819999694824
-0.657131254673004,-0.259848207235336,1.03338015079498,0.476153612136841,-0.544018983840942,0.531461596488953,0.441440612077713
-0.656035542488098,-0.26052787899971,1.03324294090271,0.47767162322998,-0.542842268943787,0.533538520336151,0.438735336065292
-0.654607951641083,-0.260858714580536,1.03354609012604,0.479203045368195,-0.541072010993958,0.535288453102112,0.4371178150177
-0.653428018093109,-0.261178582906723,1.03355622291565,0.480905205011368,-0.539408802986145,0.537445843219757,0.434649348258972
-0.652279496192932,-0.261622190475464,1.03334772586823,0.487111657857895,-0.53631055355072,0.540295541286469,0.427988559007645
-0.651308417320251,-0.262706428766251,1.03319883346558,0.483821153640747,-0.537514507770538,0.541047334671021,0.429258763790131
-0.650012016296387,-0.263106137514114,1.03311681747437,0.491322457790375,-0.533263146877289,0.543645679950714,0.422708064317703
-0.649026989936829,-0.263866931200027,1.03297674655914,0.492853254079819,-0.532204151153564,0.545294642448425,0.420128911733627
-0.64768648147583,-0.264375448226929,1.03314805030823,0.495065301656723,-0.530347347259521,0.546664535999298,0.418090879917145
-0.646537005901337,-0.265058159828186,1.03315949440002,0.497225493192673,-0.528718829154968,0.548210799694061,0.41555780172348
-0.645275235176086,-0.265747785568237,1.0332133769989,0.499632000923157,-0.52685683965683,0.549491703510284,0.413338482379913
-0.644039392471313,-0.266416907310486,1.03324115276337,0.501610398292542,-0.525000751018524,0.551027894020081,0.411253660917282
-0.642866492271423,-0.267207264900208,1.03336250782013,0.50433886051178,-0.522621870040894,0.552721858024597,0.408665418624878
-0.641530215740204,-0.26778170466423,1.03359115123749,0.50629323720932,-0.520599782466888,0.554084897041321,0.406980276107788
-0.64024031162262,-0.268396347761154,1.03365075588226,0.508350610733032,-0.519464612007141,0.554541885852814,0.405239939689636
-0.639003455638885,-0.268999874591827,1.03372371196747,0.510855734348297,-0.517005741596222,0.556354582309723,0.402741998434067
-0.637701690196991,-0.269631743431091,1.03396010398865,0.513115406036377,-0.515033483505249,0.556977808475494,0.401533424854279
-0.636241376399994,-0.270018577575684,1.03424537181854,0.51561713218689,-0.512406229972839,0.558200180530548,0.39998921751976
-0.635331094264984,-0.27087190747261,1.03400456905365,0.518033921718597,-0.509746193885803,0.560130894184113,0.397559255361557
-0.634098708629608,-0.271402090787888,1.03404545783997,0.520426392555237,-0.507507383823395,0.561046659946442,0.396004348993301
-0.633049368858337,-0.272089272737503,1.03405785560608,0.522376656532288,-0.506309866905212,0.560495853424072,0.395749568939209
-0.631967723369598,-0.272480219602585,1.0340211391449,0.523989856243134,-0.504271805286407,0.561763167381287,0.394419610500336
-0.631070554256439,-0.273011863231659,1.0339994430542,0.52582061290741,-0.502637445926666,0.562467396259308,0.393063545227051
-0.629981637001038,-0.273486912250519,1.03396463394165,0.527882516384125,-0.500721156597137,0.563015818595886,0.391958832740784
-0.629190146923065,-0.273831784725189,1.03388094902039,0.529487311840057,-0.498993307352066,0.563894808292389,0.390732377767563
-0.628466069698334,-0.274227976799011,1.03384292125702,0.53131115436554,-0.496571630239487,0.566229641437531,0.387955039739609
-0.62757670879364,-0.274701088666916,1.03359758853912,0.532588601112366,-0.495326071977615,0.566703081130981,0.387103617191315
-0.626989543437958,-0.275377929210663,1.03373038768768,0.533810019493103,-0.494505196809769,0.567224681377411,0.385704308748245
-0.626128911972046,-0.275817096233368,1.03360092639923,0.534891426563263,-0.493589669466019,0.567375123500824,0.385157167911529
-0.62541526556015,-0.276170074939728,1.03344488143921,0.536244332790375,-0.492205917835236,0.567971765995026,0.384165942668915
-0.624350249767303,-0.276212990283966,1.03362107276917,0.53807920217514,-0.4897201359272,0.56894463300705,0.3833367228508
-0.623642146587372,-0.276516735553741,1.03337049484253,0.539491355419159,-0.488163352012634,0.569727897644043,0.382172584533691
-0.623017489910126,-0.277092754840851,1.03285658359528,0.541323959827423,-0.486873388290405,0.570243299007416,0.38045409321785
-0.622253894805908,-0.27736496925354,1.03271877765656,0.543099582195282,-0.484951913356781,0.57110470533371,0.379083216190338
-0.62146121263504,-0.277634620666504,1.0326509475708,0.544349014759064,-0.483538240194321,0.571760356426239,0.378107279539108
-0.62072080373764,-0.277876734733581,1.03245568275452,0.545963644981384,-0.48186382651329,0.572408735752106,0.376934021711349
-0.619881212711334,-0.277920246124268,1.03248453140259,0.547450244426727,-0.479924112558365,0.573250412940979,0.375972032546997
-0.619405508041382,-0.278391927480698,1.03215670585632,0.548899292945862,-0.478871703147888,0.573951542377472,0.374127000570297
-0.61866819858551,-0.278707414865494,1.03206992149353,0.55053699016571,-0.477397710084915,0.574492156505585,0.372772693634033
-0.61789470911026,-0.278757512569427,1.03209447860718,0.552198529243469,-0.475440055131912,0.575287699699402,0.3715880215168
-0.617432653903961,-0.279008150100708,1.0320258140564,0.553520262241364,-0.474236786365509,0.575940907001495,0.370144486427307
-0.616985678672791,-0.27925032377243,1.03179824352264,0.554815053939819,-0.472816526889801,0.577098786830902,0.368214577436447
-0.61633837223053,-0.279443383216858,1.03164637088776,0.556391537189484,-0.471664160490036,0.57714569568634,0.367238759994507
-0.61572653055191,-0.279769659042358,1.03149271011353,0.557867884635925,-0.470634639263153,0.57742041349411,0.365885823965073
-0.615386366844177,-0.28010356426239,1.03125715255737,0.558969855308533,-0.470241278409958,0.576831042766571,0.365638852119446
-0.614905893802643,-0.280028462409973,1.0312488079071,0.559821367263794,-0.46965742111206,0.577154517173767,0.364574790000916
-0.614444732666016,-0.280113130807877,1.03107059001923,0.561664402484894,-0.466683000326157,0.579934418201447,0.361131876707077
-0.614160001277924,-0.280418992042542,1.03089046478271,0.562589645385742,-0.466318100690842,0.580153822898865,0.359808206558227
-0.613808393478394,-0.280613720417023,1.0305871963501,0.563679456710815,-0.465541452169418,0.580635368824005,0.358328133821487
-0.613530278205872,-0.280769407749176,1.03042161464691,0.564344823360443,-0.464989095926285,0.581194221973419,0.357090383768082
-0.613247632980347,-0.281055390834808,1.03032183647156,0.565606117248535,-0.463798642158508,0.581130921840668,0.356745481491089
-0.612975895404816,-0.281131058931351,1.03022050857544,0.566463530063629,-0.462487995624542,0.583282113075256,0.353561967611313
-0.612710535526276,-0.281320095062256,1.03008127212524,0.567335247993469,-0.461893886327743,0.583773851394653,0.35212630033493
-0.612532317638397,-0.281548351049423,1.02992177009583,0.568022310733795,-0.461594372987747,0.584136247634888,0.350807905197143
-0.61238956451416,-0.281709253787994,1.02977955341339,0.56852126121521,-0.461573392152786,0.584458827972412,0.349487632513046
-0.612255930900574,-0.28183776140213,1.0297394990921,0.569194495677948,-0.461211442947388,0.584869861602783,0.348179459571838
-0.612186133861542,-0.281932353973389,1.02982139587402,0.569741666316986,-0.460919052362442,0.585300862789154,0.346945554018021
-0.612164735794067,-0.28208202123642,1.02976214885712,0.570197641849518,-0.460761845111847,0.585730493068695,0.345677495002747
-0.612224400043488,-0.282270073890686,1.02963161468506,0.570113122463226,-0.461941689252853,0.585389375686646,0.344819068908691
-0.612301111221313,-0.28260126709938,1.02939677238464,0.570454835891724,-0.462795794010162,0.583973109722137,0.345509469509125
-0.612424075603485,-0.282774150371552,1.02937722206116,0.570745587348938,-0.462709546089172,0.584507465362549,0.344238877296448
-0.612479984760284,-0.282796382904053,1.02951312065125,0.571638941764832,-0.46028196811676,0.586728394031525,0.342226922512054
-0.612678110599518,-0.283049553632736,1.02941930294037,0.571722030639648,-0.460583657026291,0.587009310722351,0.341198980808258
-0.612918376922607,-0.283313274383545,1.02926135063171,0.571923971176147,-0.460319668054581,0.588618457317352,0.338433533906937
-0.613188207149506,-0.28361302614212,1.02910113334656,0.571828901767731,-0.460934489965439,0.588788092136383,0.337460666894913
-0.613411426544189,-0.283771812915802,1.02919769287109,0.571854531764984,-0.461278766393661,0.588914394378662,0.336725741624832
-0.613606095314026,-0.284067898988724,1.02927720546722,0.569584250450134,-0.462851613759995,0.588423848152161,0.339263558387756
-0.613859355449677,-0.28436142206192,1.02936685085297,0.568800032138824,-0.463652729988098,0.588585317134857,0.339205503463745
-0.613962054252625,-0.284429132938385,1.02927470207214,0.56959468126297,-0.462928056716919,0.589183032512665,0.337820619344711
-0.614162027835846,-0.28489625453949,1.02872216701508,0.570408523082733,-0.463097423315048,0.589239656925201,0.336112529039383
-0.614421606063843,-0.285199880599976,1.02874398231506,0.570697247982025,-0.463500469923019,0.589116930961609,0.335281014442444
-0.614691138267517,-0.285177230834961,1.02920961380005,0.570821225643158,-0.463278234004974,0.589384377002716,0.334906786680222
-0.614919185638428,-0.285641551017761,1.02849912643433,0.571731686592102,-0.463487654924393,0.58977860212326,0.332360208034515
-0.615158259868622,-0.2854163646698,1.02912664413452,0.571801900863647,-0.462778329849243,0.59029883146286,0.332304239273071
-0.615354239940643,-0.285571932792664,1.02905654907227,0.572091341018677,-0.46254825592041,0.590528786182404,0.331717371940613
-0.615574598312378,-0.2858065366745,1.0289318561554,0.572412133216858,-0.462141185998917,0.590951263904572,0.330978214740753
-0.615831077098846,-0.286052167415619,1.02888870239258,0.572169959545135,-0.462546437978745,0.591076612472534,0.330606669187546
-0.616211950778961,-0.286397695541382,1.02882766723633,0.572040677070618,-0.462976396083832,0.591026723384857,0.330317467451096
-0.616474449634552,-0.286609768867493,1.02870893478394,0.572348058223724,-0.462705790996552,0.591148018836975,0.329947263002396
-0.616680502891541,-0.287087351083755,1.02785003185272,0.573043704032898,-0.462429761886597,0.591340661048889,0.328779548406601
-0.616680502891541,-0.287087351083755,1.02785003185272,0.573043704032898,-0.462429761886597,0.591340661048889,0.328779548406601
-0.617313265800476,-0.287516593933105,1.02750325202942,0.57317852973938,-0.462382435798645,0.591277718544006,0.328724354505539
-0.617627859115601,-0.287418752908707,1.02799737453461,0.572843432426453,-0.462116748094559,0.591316938400269,0.329610258340836
-0.618003964424133,-0.28768652677536,1.02792179584503,0.572694420814514,-0.462495803833008,0.5909184217453,0.330052137374878
-0.618390202522278,-0.287934631109238,1.02769911289215,0.572836637496948,-0.462480336427689,0.590818762779236,0.330005198717117
-0.61886066198349,-0.288283050060272,1.02743923664093,0.572834730148315,-0.462899386882782,0.590432584285736,0.330112427473068
-0.619329035282135,-0.288499563932419,1.02729427814484,0.572579085826874,-0.463153630495071,0.590311110019684,0.330415815114975
-0.619767069816589,-0.288717746734619,1.02719330787659,0.572360098361969,-0.463472127914429,0.589985132217407,0.330930590629578
-0.620189964771271,-0.288862556219101,1.02705788612366,0.572474777698517,-0.463367491960526,0.589782357215881,0.33123967051506
-0.620552480220795,-0.288915276527405,1.0271623134613,0.572519242763519,-0.463188111782074,0.589510917663574,0.331896841526031
-0.620973348617554,-0.289152204990387,1.02714622020721,0.572437822818756,-0.463913321495056,0.587627589702606,0.334354907274246
-0.62152487039566,-0.289374947547913,1.02709805965424,0.572050154209137,-0.464366167783737,0.587233006954193,0.335082054138184
-0.622015774250031,-0.289579689502716,1.02700662612915,0.572085976600647,-0.464111775159836,0.586876153945923,0.335997641086578
-0.622520685195923,-0.289680510759354,1.02701199054718,0.571557641029358,-0.465068101882935,0.586735010147095,0.335820436477661
-0.622520685195923,-0.289680510759354,1.02701199054718,0.571557641029358,-0.465068101882935,0.586735010147095,0.335820436477661
-0.623801052570343,-0.290148317813873,1.02693450450897,0.570610165596008,-0.466268122196198,0.586093604564667,0.336886465549469
-0.62434458732605,-0.290405571460724,1.02698314189911,0.570774972438812,-0.466784805059433,0.584250628948212,0.339085906744003
-0.625066876411438,-0.290649592876434,1.02694547176361,0.569688677787781,-0.468862384557724,0.582901954650879,0.340364933013916
-0.625849604606628,-0.291150867938995,1.02630078792572,0.569093346595764,-0.470135450363159,0.582284212112427,0.340662121772766
-0.626482486724854,-0.291017204523086,1.02686178684235,0.568615794181824,-0.469368547201157,0.583570599555969,0.340315610170364
-0.626482486724854,-0.291017204523086,1.02686178684235,0.568615794181824,-0.469368547201157,0.583570599555969,0.340315610170364
-0.627894639968872,-0.291826844215393,1.02611327171326,0.568588256835938,-0.468925565481186,0.583989262580872,0.340254426002502
-0.628679275512695,-0.292267471551895,1.0261048078537,0.567662954330444,-0.470696866512299,0.582022070884705,0.342715173959732
-0.628679275512695,-0.292267471551895,1.0261048078537,0.567662954330444,-0.470696866512299,0.582022070884705,0.342715173959732
-0.630335330963135,-0.292447030544281,1.02660655975342,0.565279841423035,-0.473036915063858,0.581569314002991,0.344197869300842
-0.630964338779449,-0.29260528087616,1.02652072906494,0.564532160758972,-0.473726898431778,0.581117451190948,0.34523731470108
-0.631650984287262,-0.292766749858856,1.02641046047211,0.56379234790802,-0.474416315555573,0.580631792545319,0.34631484746933
-0.632220447063446,-0.292798817157745,1.02649807929993,0.563361525535583,-0.47363206744194,0.58141016960144,0.346783578395844
-0.632904291152954,-0.293004095554352,1.02630400657654,0.562110185623169,-0.47583943605423,0.579823553562164,0.348444819450378
-0.633429408073425,-0.292945504188538,1.02649641036987,0.561905086040497,-0.475690603256226,0.579267978668213,0.349899619817734
-0.633923232555389,-0.293154120445251,1.02646970748901,0.561644971370697,-0.475055932998657,0.579732418060303,0.35041007399559
-0.634317636489868,-0.293188750743866,1.02653205394745,0.560733497142792,-0.476434707641602,0.57852166891098,0.351995080709457
-0.634791374206543,-0.293283581733704,1.02654814720154,0.560462772846222,-0.476697772741318,0.57794713973999,0.353012561798096
-0.63532429933548,-0.293546229600906,1.02635407447815,0.560109376907349,-0.477496385574341,0.577167928218842,0.353768229484558
-0.635753810405731,-0.293672680854797,1.0262051820755,0.559775412082672,-0.477715969085693,0.576938569545746,0.354374051094055
-0.636093199253082,-0.293715715408325,1.02622735500336,0.559326171875,-0.478525996208191,0.575193881988525,0.356818377971649
-0.636395871639252,-0.293717324733734,1.0262348651886,0.559179186820984,-0.478523552417755,0.574904024600983,0.357518494129181
-0.636731803417206,-0.293689399957657,1.02613031864166,0.559481859207153,-0.477750062942505,0.575797498226166,0.356640219688416
-0.637006044387817,-0.293692827224731,1.0260306596756,0.559528172016144,-0.477595031261444,0.575428485870361,0.357370018959045
-0.637305557727814,-0.293677687644958,1.02597558498383,0.559444665908813,-0.477689206600189,0.574982702732086,0.358091622591019
-0.637545645236969,-0.293637633323669,1.02588319778442,0.559527933597565,-0.47826686501503,0.574069082736969,0.358655720949173
-0.637700200080872,-0.293518543243408,1.02593517303467,0.561260938644409,-0.474596798419952,0.575961887836456,0.357787638902664
-0.637924909591675,-0.293488800525665,1.0257693529129,0.561797797679901,-0.473892539739609,0.576074302196503,0.357697695493698
-0.638405919075012,-0.293767124414444,1.02545595169067,0.561704993247986,-0.474640548229217,0.575485527515411,0.357799232006073
-0.638781607151031,-0.293779224157333,1.02536880970001,0.561966359615326,-0.474585056304932,0.57522451877594,0.357882142066956
-0.639213800430298,-0.293832778930664,1.02534401416779,0.561821460723877,-0.475551277399063,0.573382437229156,0.359778255224228
-0.639579057693481,-0.293797135353088,1.02522814273834,0.561927914619446,-0.475291728973389,0.574242413043976,0.358581155538559
-0.639856517314911,-0.293550610542297,1.02534973621368,0.56159895658493,-0.47557532787323,0.573722779750824,0.359551101922989
-0.640489518642426,-0.293674439191818,1.02503895759583,0.560390889644623,-0.478933483362198,0.571376621723175,0.360712558031082
-0.64109468460083,-0.293604612350464,1.02497911453247,0.560157179832458,-0.478993773460388,0.571177363395691,0.361310482025146
-0.641705989837646,-0.293531954288483,1.02484965324402,0.559378862380981,-0.479919672012329,0.570749819278717,0.361962646245956
-0.64239889383316,-0.2934490442276,1.02475464344025,0.558227479457855,-0.480575799942017,0.570395767688751,0.363425016403198
-0.643164813518524,-0.293444842100143,1.02463507652283,0.557102918624878,-0.482546865940094,0.568401873111725,0.365656018257141
-0.643706679344177,-0.293105840682983,1.02470707893372,0.556267559528351,-0.483226656913757,0.56792289018631,0.366772353649139
-0.644479811191559,-0.292976856231689,1.02458536624908,0.554757356643677,-0.484797269105911,0.567349851131439,0.367872416973114
-0.645244896411896,-0.292879402637482,1.02438175678253,0.553795993328094,-0.485511004924774,0.568136274814606,0.367165416479111
-0.646019577980042,-0.292979001998901,1.02407145500183,0.552450060844421,-0.487246662378311,0.567471563816071,0.367920905351639
-0.646926581859589,-0.292685806751251,1.02377319335938,0.554580628871918,-0.486963957548141,0.56792551279068,0.364372432231903
-0.64762282371521,-0.292699635028839,1.02372455596924,0.550897359848022,-0.489665150642395,0.566605746746063,0.36837238073349
-0.64831817150116,-0.292525500059128,1.02351629734039,0.552974939346313,-0.489546716213226,0.566709399223328,0.365244150161743
-0.649011075496674,-0.292290270328522,1.02336418628693,0.552020907402039,-0.490529447793961,0.566488265991211,0.365711659193039
-0.649634003639221,-0.292055696249008,1.02310383319855,0.550962686538696,-0.491764962673187,0.566003143787384,0.366398632526398
-0.650251090526581,-0.29186350107193,1.02298879623413,0.550185918807983,-0.49265256524086,0.565698981285095,0.366842806339264
-0.65084969997406,-0.291803121566772,1.02279281616211,0.549720764160156,-0.493267565965652,0.565670073032379,0.36675837635994
-0.651254415512085,-0.291633248329163,1.02268481254578,0.549745559692383,-0.493407338857651,0.565549910068512,0.366718620061874
-0.651688814163208,-0.291570335626602,1.02248704433441,0.549418330192566,-0.494106143712997,0.565140902996063,0.366898417472839
-0.652079582214355,-0.291441738605499,1.02233135700226,0.549117386341095,-0.494534552097321,0.565033912658691,0.366936653852463
-0.652465343475342,-0.291322976350784,1.02219617366791,0.548767685890198,-0.495067298412323,0.564708173274994,0.367242604494095
-0.652747809886932,-0.291219353675842,1.02215695381165,0.548593044281006,-0.495416194200516,0.564469277858734,0.367400467395782
-0.652946293354034,-0.291131556034088,1.02197360992432,0.548598229885101,-0.495510280132294,0.564398586750031,0.367374211549759
-0.653160452842712,-0.290999621152878,1.02187347412109,0.548479676246643,-0.495623260736465,0.564331352710724,0.36750203371048
-0.653333961963654,-0.290816307067871,1.02176189422607,0.548419058322906,-0.496389329433441,0.563653409481049,0.367598801851273
-0.653489530086517,-0.290687382221222,1.02165055274963,0.548565685749054,-0.496257930994034,0.563675343990326,0.367524176836014
-0.653661072254181,-0.29046368598938,1.02162003517151,0.548300981521606,-0.496511787176132,0.563468754291534,0.367892861366272
-0.653743922710419,-0.290233105421066,1.02159249782562,0.548520922660828,-0.496156185865402,0.563642799854279,0.367777973413467
-0.654082059860229,-0.290280699729919,1.02151894569397,0.548588335514069,-0.495860159397125,0.563905298709869,0.367674142122269
-0.654211401939392,-0.290177822113037,1.02146601676941,0.54860508441925,-0.495852321386337,0.563866078853607,0.36772021651268
-0.65435004234314,-0.290029406547546,1.021399974823,0.547984659671783,-0.497004419565201,0.563105404376984,0.368255168199539
-0.654513716697693,-0.289914757013321,1.02138209342957,0.547718346118927,-0.497235208749771,0.562955915927887,0.368568241596222
-0.654715895652771,-0.289922446012497,1.02122521400452,0.547860383987427,-0.496649175882339,0.563444316387177,0.368400633335114
-0.654885590076447,-0.289807111024857,1.02119934558868,0.547306656837463,-0.497576057910919,0.562927603721619,0.368762940168381
-0.65510219335556,-0.289735436439514,1.02116227149963,0.546872019767761,-0.498022437095642,0.56275349855423,0.369070827960968
-0.655291259288788,-0.289547920227051,1.02126669883728,0.546436190605164,-0.498199611902237,0.562751829624176,0.369479656219482
-0.655482888221741,-0.289532244205475,1.02108669281006,0.546118557453156,-0.498563170433044,0.56266313791275,0.369593650102615
-0.655651032924652,-0.289456903934479,1.02104783058167,0.546224415302277,-0.497749269008636,0.563349902629852,0.369488298892975
-0.655851304531097,-0.289230227470398,1.02115607261658,0.545243144035339,-0.498914688825607,0.562820136547089,0.370172202587128
-0.656025886535645,-0.289142966270447,1.02110493183136,0.544735670089722,-0.499205738306045,0.562853991985321,0.370475560426712
-0.656181812286377,-0.289095371961594,1.02100694179535,0.544395089149475,-0.499443888664246,0.562914609909058,0.370563209056854
-0.656337082386017,-0.289038896560669,1.02100586891174,0.544063448905945,-0.499641686677933,0.563003361225128,0.370648920536041
-0.656464815139771,-0.288929879665375,1.02091705799103,0.543693661689758,-0.499772131443024,0.563159108161926,0.370778948068619
-0.6566002368927,-0.288912653923035,1.02086520195007,0.543340086936951,-0.500052750110626,0.563185155391693,0.37087944149971
-0.656748414039612,-0.28884693980217,1.020840883255,0.543118119239807,-0.500179350376129,0.563355922698975,0.370774209499359
-0.656867742538452,-0.28882971405983,1.02075576782227,0.542788684368134,-0.500425279140472,0.563416600227356,0.370832473039627
-0.656907558441162,-0.288675934076309,1.02078938484192,0.542654693126678,-0.500214338302612,0.563668549060822,0.370930314064026
-0.656907558441162,-0.288675934076309,1.02078938484192,0.542654693126678,-0.500214338302612,0.563668549060822,0.370930314064026
-0.657228648662567,-0.288755595684052,1.02057766914368,0.541881322860718,-0.501061856746674,0.563699781894684,0.370869666337967
-0.657357811927795,-0.28874135017395,1.02050375938416,0.541474878787994,-0.501469969749451,0.563668966293335,0.370958507061005
-0.657480299472809,-0.288773328065872,1.02049422264099,0.542166829109192,-0.499279946088791,0.565572798252106,0.370002895593643
-0.657587110996246,-0.288701176643372,1.02049040794373,0.541846573352814,-0.499454736709595,0.565713942050934,0.37002021074295
-0.657545745372772,-0.288494169712067,1.02050578594208,0.541670203208923,-0.499290704727173,0.565880537033081,0.370245486497879
-0.657610774040222,-0.288441956043243,1.02047491073608,0.541433274745941,-0.499528259038925,0.565865278244019,0.370294809341431
-0.657740950584412,-0.288484394550323,1.02038681507111,0.541084110736847,-0.500102937221527,0.565710842609406,0.370265483856201
-0.657718241214752,-0.288331687450409,1.02043128013611,0.541022837162018,-0.499959230422974,0.565883994102478,0.370284259319305
-0.657733500003815,-0.288165032863617,1.02036464214325,0.539855420589447,-0.502528250217438,0.564050614833832,0.37130656838417
-0.657864272594452,-0.288152456283569,1.02038383483887,0.539522528648376,-0.502919256687164,0.564104378223419,0.371179312467575
-0.657961130142212,-0.288237005472183,1.02027690410614,0.53987991809845,-0.502348959445953,0.564620137214661,0.370647490024567
-0.657965004444122,-0.288139641284943,1.02026534080505,0.540017545223236,-0.502290427684784,0.564683675765991,0.370429277420044
-0.657964468002319,-0.288045644760132,1.02026641368866,0.540195822715759,-0.502244532108307,0.564697086811066,0.370210915803909
-0.657976508140564,-0.287927091121674,1.02029252052307,0.540479183197021,-0.502081692218781,0.564790725708008,0.369875341653824
-0.658008337020874,-0.287844687700272,1.02028238773346,0.540682792663574,-0.502079784870148,0.564782798290253,0.369592368602753
-0.658034145832062,-0.28773444890976,1.02028667926788,0.540877997875214,-0.502011895179749,0.564784824848175,0.369396179914474
-0.658085703849792,-0.287654876708984,1.02030301094055,0.541273415088654,-0.502011239528656,0.564597904682159,0.369103193283081
-0.658146858215332,-0.287559896707535,1.02030909061432,0.541445434093475,-0.502000510692596,0.564561784267426,0.3689204454422
-0.65821647644043,-0.287431836128235,1.02035105228424,0.541394114494324,-0.502253472805023,0.564353764057159,0.368969768285751
-0.65821647644043,-0.287431836128235,1.02035105228424,0.541394114494324,-0.502253472805023,0.564353764057159,0.368969768285751
-0.658393681049347,-0.287224948406219,1.02028620243073,0.541330397129059,-0.502661764621735,0.564048945903778,0.368973463773727
-0.658500075340271,-0.28706231713295,1.02025187015533,0.541165590286255,-0.502847075462341,0.563949048519135,0.36911553144455
-0.658600270748138,-0.286926537752151,1.02021682262421,0.541029691696167,-0.503097057342529,0.563668668270111,0.36940199136734
-0.658600270748138,-0.286926537752151,1.02021682262421,0.541029691696167,-0.503097057342529,0.563668668270111,0.36940199136734
-0.658770799636841,-0.286629855632782,1.02039277553558,0.538696587085724,-0.504121780395508,0.562864065170288,0.372627854347229
-0.658873617649078,-0.286486744880676,1.02036142349243,0.539238393306732,-0.50393158197403,0.562799692153931,0.372198313474655
-0.658880591392517,-0.286206483840942,1.02026379108429,0.540407061576843,-0.503491520881653,0.563043236732483,0.370727509260178
-0.658999145030975,-0.286096125841141,1.02034068107605,0.540515899658203,-0.503658473491669,0.562768280506134,0.370759546756744
-0.659098863601685,-0.285958766937256,1.02036285400391,0.540421307086945,-0.503781795501709,0.562617897987366,0.370957911014557
-0.65914523601532,-0.285842150449753,1.02037274837494,0.540268957614899,-0.503838539123535,0.562493562698364,0.37129133939743
-0.65920627117157,-0.28576847910881,1.02034831047058,0.540041565895081,-0.504051744937897,0.562316000461578,0.371601611375809
-0.659258723258972,-0.285698533058167,1.02036488056183,0.539872586727142,-0.504137933254242,0.562198579311371,0.37190768122673
-0.659299850463867,-0.285631418228149,1.02035439014435,0.539778172969818,-0.504133105278015,0.562152981758118,0.37212011218071
-0.659371793270111,-0.285646200180054,1.02038598060608,0.539493381977081,-0.504445195198059,0.561890304088593,0.372506678104401
-0.659396171569824,-0.285625398159027,1.02040803432465,0.539349734783173,-0.50449675321579,0.561810612678528,0.372764974832535
-0.659396171569824,-0.285625398159027,1.02040803432465,0.539349734783173,-0.50449675321579,0.561810612678528,0.372764974832535
-0.659361720085144,-0.285497009754181,1.02071499824524,0.53925347328186,-0.504141688346863,0.56182324886322,0.373365193605423
-0.659342050552368,-0.285527229309082,1.0208044052124,0.539131104946136,-0.50413978099823,0.561798989772797,0.373580664396286
-0.659298956394196,-0.28554767370224,1.02094304561615,0.538786470890045,-0.504788398742676,0.560353457927704,0.375369191169739
-0.659217357635498,-0.285516679286957,1.02104270458221,0.538945436477661,-0.503865003585815,0.561856865882874,0.374132186174393
-0.659217357635498,-0.285516679286957,1.02104270458221,0.538945436477661,-0.503865003585815,0.561856865882874,0.374132186174393
-0.659035325050354,-0.285571992397308,1.02125930786133,0.538827776908875,-0.503534138202667,0.561964154243469,0.374585807323456
-0.658834934234619,-0.285589516162872,1.02137279510498,0.538644373416901,-0.503383934497833,0.561989724636078,0.37501260638237
-0.658730149269104,-0.285605072975159,1.02148163318634,0.538491070270538,-0.503208100795746,0.562090218067169,0.375317931175232
-0.658687353134155,-0.285775244235992,1.02149760723114,0.53832620382309,-0.503338217735291,0.562074720859528,0.375403374433517
-0.658531904220581,-0.28580117225647,1.02159833908081,0.538240671157837,-0.502991616725922,0.562308251857758,0.375640869140625
-0.65836888551712,-0.285889327526092,1.02166616916656,0.53794914484024,-0.502996623516083,0.562418878078461,0.375885725021362
-0.658066630363464,-0.285807609558105,1.02183222770691,0.538132905960083,-0.50225156545639,0.562744796276093,0.376131564378738
-0.657852411270142,-0.285837829113007,1.02196824550629,0.538081645965576,-0.502022087574005,0.562789499759674,0.376444220542908
-0.657654643058777,-0.286007642745972,1.02196872234344,0.538058519363403,-0.502117216587067,0.562639892101288,0.376573622226715
-0.657654643058777,-0.286007642745972,1.02196872234344,0.538058519363403,-0.502117216587067,0.562639892101288,0.376573622226715
-0.657059967517853,-0.286013901233673,1.02216148376465,0.537849247455597,-0.502362430095673,0.562223136425018,0.377167761325836
-0.657059967517853,-0.286013901233673,1.02216148376465,0.537849247455597,-0.502362430095673,0.562223136425018,0.377167761325836
-0.656553268432617,-0.286055862903595,1.02232563495636,0.53798508644104,-0.501802861690521,0.562482476234436,0.377331972122192
-0.656553268432617,-0.286055862903595,1.02232563495636,0.53798508644104,-0.501802861690521,0.562482476234436,0.377331972122192
-0.655897855758667,-0.286086440086365,1.022505402565,0.538747012615204,-0.500118374824524,0.563377618789673,0.377146273851395
-0.655530631542206,-0.286066323518753,1.0225909948349,0.538776278495789,-0.49981951713562,0.563577890396118,0.377200931310654
-0.655149936676025,-0.286125659942627,1.0226674079895,0.539604425430298,-0.498149484395981,0.564740598201752,0.376486897468567
-0.655149936676025,-0.286125659942627,1.0226674079895,0.539604425430298,-0.498149484395981,0.564740598201752,0.376486897468567
-0.654565036296844,-0.286081254482269,1.02276086807251,0.538891196250916,-0.500160157680511,0.563230931758881,0.377103567123413
-0.654245674610138,-0.286078929901123,1.0228351354599,0.539538025856018,-0.498918801546097,0.564016819000244,0.376648068428039
-0.653867542743683,-0.286110579967499,1.02292454242706,0.539820432662964,-0.498790234327316,0.563989400863647,0.376455008983612
-0.653514921665192,-0.286094844341278,1.02297985553741,0.540056645870209,-0.498596012592316,0.564042270183563,0.376294046640396
-0.65310263633728,-0.285970956087112,1.02307426929474,0.540120720863342,-0.498261541128159,0.56434553861618,0.376190394163132
-0.652746617794037,-0.285955101251602,1.02309763431549,0.540379524230957,-0.498092293739319,0.564503312110901,0.375805884599686
-0.652461528778076,-0.285937607288361,1.02317571640015,0.540298700332642,-0.498727798461914,0.563206017017365,0.377023726701736
-0.652108073234558,-0.28589928150177,1.02316784858704,0.540885984897614,-0.497727274894714,0.564818263053894,0.375087112188339
-0.651768922805786,-0.285854637622833,1.02322041988373,0.54120010137558,-0.497466027736664,0.565004110336304,0.374700397253036
-0.65146416425705,-0.285816967487335,1.02326941490173,0.541037201881409,-0.498320549726486,0.563485741615295,0.376083999872208
-0.651145219802856,-0.285752832889557,1.02327227592468,0.541593730449677,-0.497261613607407,0.565300643444061,0.373954713344574
-0.650856494903564,-0.285784304141998,1.02313649654388,0.541707992553711,-0.497434228658676,0.56535792350769,0.373473197221756
-0.65054976940155,-0.285753041505814,1.02312254905701,0.54202401638031,-0.497270375490189,0.565553665161133,0.372936218976974
-0.650030255317688,-0.285540908575058,1.02305150032043,0.542348384857178,-0.497028470039368,0.565499484539032,0.372869282960892
-0.649737477302551,-0.285556077957153,1.02304816246033,0.542458355426788,-0.49727925658226,0.565455496311188,0.372441351413727
-0.649379730224609,-0.285429835319519,1.02313351631165,0.542528808116913,-0.49775105714798,0.565310180187225,0.371928542852402
-0.64900928735733,-0.285386055707932,1.02316737174988,0.543756484985352,-0.495281606912613,0.567156374454498,0.3706194460392
-0.648649752140045,-0.285297036170959,1.02317345142365,0.544117510318756,-0.495118975639343,0.567317545413971,0.37006002664566
-0.648220837116241,-0.285226613283157,1.02331030368805,0.544139325618744,-0.495344936847687,0.567225158214569,0.36986717581749
-0.647819399833679,-0.285146057605743,1.02327358722687,0.544125080108643,-0.496567904949188,0.566082656383514,0.369998246431351
-0.647472023963928,-0.28503555059433,1.02329576015472,0.544462323188782,-0.496395796537399,0.566261649131775,0.369458943605423
-0.647155702114105,-0.284963071346283,1.02328944206238,0.545037865638733,-0.495906263589859,0.56664502620697,0.368679016828537
-0.646846830844879,-0.284892320632935,1.02326452732086,0.54522705078125,-0.495857924222946,0.567005634307861,0.367909073829651
-0.646466135978699,-0.284793138504028,1.02310228347778,0.545762777328491,-0.495492458343506,0.56722629070282,0.367266535758972
-0.646079838275909,-0.284767359495163,1.02307140827179,0.546056509017944,-0.49563667178154,0.566864490509033,0.367193609476089
-0.645738542079926,-0.28467583656311,1.02305269241333,0.546077609062195,-0.495688259601593,0.567094385623932,0.366737425327301
-0.64536190032959,-0.284526646137237,1.0230678319931,0.545966565608978,-0.496165096759796,0.566826701164246,0.366671860218048
-0.645186305046082,-0.284673035144806,1.02303051948547,0.545783281326294,-0.494704574346542,0.567956566810608,0.367169320583344
-0.644872069358826,-0.284551918506622,1.02308034896851,0.545748293399811,-0.494321972131729,0.56846684217453,0.366946905851364
-0.644719302654266,-0.284684777259827,1.02287817001343,0.545262575149536,-0.495317012071609,0.567935228347778,0.367150366306305
-0.64446496963501,-0.284453094005585,1.02275419235229,0.548352897167206,-0.49389573931694,0.56862199306488,0.363380342721939
-0.644193053245544,-0.284394234418869,1.02270722389221,0.548691511154175,-0.493831723928451,0.568649411201477,0.362912833690643
-0.643900275230408,-0.284245818853378,1.02261412143707,0.547563850879669,-0.496377795934677,0.566998183727264,0.363725155591965
-0.643544673919678,-0.283991575241089,1.02278184890747,0.548223078250885,-0.494953185319901,0.567790389060974,0.363437861204147
-0.643301427364349,-0.283905327320099,1.02274858951569,0.548184990882874,-0.495063930749893,0.567812979221344,0.363308906555176
-0.643170833587646,-0.284000933170319,1.02255284786224,0.548490285873413,-0.495113998651505,0.567915797233582,0.362618923187256
-0.64294308423996,-0.283933877944946,1.022500872612,0.548736870288849,-0.495052516460419,0.567904949188232,0.362346708774567
-0.642748832702637,-0.283887982368469,1.0224198102951,0.548783957958221,-0.495182245969772,0.567908465862274,0.362092435359955
-0.642545223236084,-0.283805310726166,1.02237772941589,0.549018204212189,-0.495055317878723,0.567992269992828,0.361778944730759
-0.642357349395752,-0.283732652664185,1.02232837677002,0.549085915088654,-0.495148658752441,0.567898273468018,0.361696183681488
-0.642058610916138,-0.283633410930633,1.02226507663727,0.549365520477295,-0.494872868061066,0.56789642572403,0.361651927232742
-0.641841650009155,-0.283533990383148,1.02225029468536,0.549551963806152,-0.494728773832321,0.567882359027863,0.361587971448898
-0.641644537448883,-0.283474504947662,1.02215099334717,0.54971045255661,-0.494631111621857,0.567930936813354,0.361404240131378
-0.641450881958008,-0.283392190933227,1.02204716205597,0.549857079982758,-0.494533568620682,0.567896246910095,0.36136919260025
-0.641170024871826,-0.283486068248749,1.02212405204773,0.550299048423767,-0.494457244873047,0.567619681358337,0.361234813928604
-0.640758156776428,-0.282755553722382,1.02170991897583,0.55020934343338,-0.493647307157516,0.567897498607635,0.362042248249054
-0.640608310699463,-0.282740205526352,1.02162289619446,0.550354421138763,-0.49364697933197,0.567799091339111,0.361976444721222
